,percent_retail_and_recreation,date,country_code,country
0,6.6375545851528415,2020-02-16,US,US
1,3.842794759825324,2020-02-17,US,US
2,1.0480349344978208,2020-02-18,US,US
3,1.7467248908296966,2020-02-19,US,US
4,1.7467248908296966,2020-02-20,US,US
5,4.5414847161572,2020-02-21,US,US
6,6.6375545851528415,2020-02-22,US,US
7,5.24017467248909,2020-02-23,US,US
8,2.4454148471615724,2020-02-24,US,US
9,5.24017467248909,2020-02-25,US,US
10,7.336244541484717,2020-02-26,US,US
11,7.336244541484717,2020-02-27,US,US
12,8.733624454148469,2020-02-28,US,US
13,11.528384279475986,2020-02-29,US,US
14,11.528384279475986,2020-03-01,US,US
15,8.733624454148469,2020-03-02,US,US
16,10.13100436681222,2020-03-03,US,US
17,8.034934497816593,2020-03-04,US,US
18,7.336244541484717,2020-03-05,US,US
19,6.6375545851528415,2020-03-06,US,US
20,9.432314410480345,2020-03-07,US,US
21,9.432314410480345,2020-03-08,US,US
22,5.938864628820966,2020-03-09,US,US
23,5.938864628820966,2020-03-10,US,US
24,7.336244541484717,2020-03-11,US,US
25,5.938864628820966,2020-03-12,US,US
26,1.7467248908296966,2020-03-13,US,US
27,-5.938864628820966,2020-03-14,US,US
28,-8.733624454148469,2020-03-15,US,US
29,-8.034934497816593,2020-03-16,US,US
30,-17.117903930131007,2020-03-17,US,US
31,-23.406113537117903,2020-03-18,US,US
32,-27.24890829694323,2020-03-19,US,US
33,-31.09170305676856,2020-03-20,US,US
34,-38.07860262008734,2020-03-21,US,US
35,-41.572052401746724,2020-03-22,US,US
36,-38.07860262008734,2020-03-23,US,US
37,-38.777292576419214,2020-03-24,US,US
38,-39.47598253275109,2020-03-25,US,US
39,-40.17467248908297,2020-03-26,US,US
40,-41.572052401746724,2020-03-27,US,US
41,-46.46288209606987,2020-03-28,US,US
42,-47.161572052401745,2020-03-29,US,US
0,-3.3684210526315823,2020-02-16,DK,Denmark
1,0.2807017543859587,2020-02-17,DK,Denmark
2,1.9649122807017534,2020-02-18,DK,Denmark
3,1.9649122807017534,2020-02-19,DK,Denmark
4,2.526315789473685,2020-02-20,DK,Denmark
5,0.8421052631578902,2020-02-21,DK,Denmark
6,-0.8421052631578902,2020-02-22,DK,Denmark
7,1.9649122807017534,2020-02-23,DK,Denmark
8,-0.2807017543859587,2020-02-24,DK,Denmark
9,-1.4035087719298218,2020-02-25,DK,Denmark
10,0.8421052631578902,2020-02-26,DK,Denmark
11,8.701754385964918,2020-02-27,DK,Denmark
12,17.122807017543863,2020-02-28,DK,Denmark
13,14.877192982456137,2020-02-29,DK,Denmark
14,21.05263157894737,2020-03-01,DK,Denmark
15,12.631578947368425,2020-03-02,DK,Denmark
16,11.508771929824562,2020-03-03,DK,Denmark
17,10.94736842105263,2020-03-04,DK,Denmark
18,11.508771929824562,2020-03-05,DK,Denmark
19,9.263157894736835,2020-03-06,DK,Denmark
20,12.070175438596493,2020-03-07,DK,Denmark
21,12.350877192982459,2020-03-08,DK,Denmark
22,7.017543859649123,2020-03-09,DK,Denmark
23,5.333333333333329,2020-03-10,DK,Denmark
24,5.89473684210526,2020-03-11,DK,Denmark
25,-6.456140350877192,2020-03-12,DK,Denmark
26,-22.736842105263158,2020-03-13,DK,Denmark
27,-28.35087719298246,2020-03-14,DK,Denmark
28,-30.035087719298247,2020-03-15,DK,Denmark
29,-23.29824561403509,2020-03-16,DK,Denmark
30,-23.29824561403509,2020-03-17,DK,Denmark
31,-34.526315789473685,2020-03-18,DK,Denmark
32,-38.45614035087719,2020-03-19,DK,Denmark
33,-40.70175438596491,2020-03-20,DK,Denmark
34,-44.07017543859649,2020-03-21,DK,Denmark
35,-38.45614035087719,2020-03-22,DK,Denmark
36,-34.526315789473685,2020-03-23,DK,Denmark
37,-34.526315789473685,2020-03-24,DK,Denmark
38,-34.526315789473685,2020-03-25,DK,Denmark
39,-34.526315789473685,2020-03-26,DK,Denmark
40,-35.64912280701754,2020-03-27,DK,Denmark
41,-39.01754385964912,2020-03-28,DK,Denmark
42,-37.333333333333336,2020-03-29,DK,Denmark
0,-6.433566433566433,2020-02-16,AR,Argentina
1,-1.67832167832168,2020-02-17,AR,Argentina
2,3.9160839160839203,2020-02-18,AR,Argentina
3,2.23776223776224,2020-02-19,AR,Argentina
4,2.23776223776224,2020-02-20,AR,Argentina
5,5.03496503496504,2020-02-21,AR,Argentina
6,10.069930069930066,2020-02-22,AR,Argentina
7,12.307692307692307,2020-02-23,AR,Argentina
8,-9.510489510489506,2020-02-24,AR,Argentina
9,-11.188811188811187,2020-02-25,AR,Argentina
10,1.67832167832168,2020-02-26,AR,Argentina
11,1.67832167832168,2020-02-27,AR,Argentina
12,4.47552447552448,2020-02-28,AR,Argentina
13,5.5944055944056,2020-02-29,AR,Argentina
14,0.0,2020-03-01,AR,Argentina
15,1.67832167832168,2020-03-02,AR,Argentina
16,1.67832167832168,2020-03-03,AR,Argentina
17,0.55944055944056,2020-03-04,AR,Argentina
18,2.7972027972028,2020-03-05,AR,Argentina
19,7.272727272727266,2020-03-06,AR,Argentina
20,6.713286713286706,2020-03-07,AR,Argentina
21,4.47552447552448,2020-03-08,AR,Argentina
22,2.7972027972028,2020-03-09,AR,Argentina
23,3.35664335664336,2020-03-10,AR,Argentina
24,-8.951048951048946,2020-03-11,AR,Argentina
25,-2.7972027972028,2020-03-12,AR,Argentina
26,-3.35664335664336,2020-03-13,AR,Argentina
27,-14.545454545454547,2020-03-14,AR,Argentina
28,-25.734265734265733,2020-03-15,AR,Argentina
29,-26.293706293706293,2020-03-16,AR,Argentina
30,-35.24475524475525,2020-03-17,AR,Argentina
31,-40.83916083916084,2020-03-18,AR,Argentina
32,-40.83916083916084,2020-03-19,AR,Argentina
33,-65.45454545454545,2020-03-20,AR,Argentina
34,-80.0,2020-03-21,AR,Argentina
35,-80.0,2020-03-22,AR,Argentina
36,-80.0,2020-03-23,AR,Argentina
37,-80.0,2020-03-24,AR,Argentina
38,-80.0,2020-03-25,AR,Argentina
39,-80.0,2020-03-26,AR,Argentina
40,-80.0,2020-03-27,AR,Argentina
41,-79.44055944055944,2020-03-28,AR,Argentina
42,-80.0,2020-03-29,AR,Argentina
0,1.3986013986014,2020-02-16,AU,Australia
1,-1.67832167832168,2020-02-17,AU,Australia
2,-0.55944055944056,2020-02-18,AU,Australia
3,0.55944055944056,2020-02-19,AU,Australia
4,3.35664335664336,2020-02-20,AU,Australia
5,5.5944055944056,2020-02-21,AU,Australia
6,5.03496503496504,2020-02-22,AU,Australia
7,1.67832167832168,2020-02-23,AU,Australia
8,-1.11888111888112,2020-02-24,AU,Australia
9,-0.55944055944056,2020-02-25,AU,Australia
10,0.0,2020-02-26,AU,Australia
11,2.7972027972028,2020-02-27,AU,Australia
12,6.15384615384616,2020-02-28,AU,Australia
13,6.15384615384616,2020-02-29,AU,Australia
14,2.7972027972028,2020-03-01,AU,Australia
15,0.0,2020-03-02,AU,Australia
16,0.0,2020-03-03,AU,Australia
17,0.55944055944056,2020-03-04,AU,Australia
18,0.55944055944056,2020-03-05,AU,Australia
19,3.9160839160839203,2020-03-06,AU,Australia
20,3.9160839160839203,2020-03-07,AU,Australia
21,2.7972027972028,2020-03-08,AU,Australia
22,-1.67832167832168,2020-03-09,AU,Australia
23,-1.11888111888112,2020-03-10,AU,Australia
24,-0.55944055944056,2020-03-11,AU,Australia
25,0.0,2020-03-12,AU,Australia
26,1.11888111888112,2020-03-13,AU,Australia
27,0.0,2020-03-14,AU,Australia
28,-1.11888111888112,2020-03-15,AU,Australia
29,-1.11888111888112,2020-03-16,AU,Australia
30,-3.9160839160839203,2020-03-17,AU,Australia
31,-5.5944055944056,2020-03-18,AU,Australia
32,-8.951048951048946,2020-03-19,AU,Australia
33,-10.629370629370626,2020-03-20,AU,Australia
34,-15.104895104895107,2020-03-21,AU,Australia
35,-16.78321678321678,2020-03-22,AU,Australia
36,-16.78321678321678,2020-03-23,AU,Australia
37,-25.734265734265733,2020-03-24,AU,Australia
38,-29.650349650349654,2020-03-25,AU,Australia
39,-32.44755244755245,2020-03-26,AU,Australia
40,-34.12587412587413,2020-03-27,AU,Australia
41,-38.04195804195804,2020-03-28,AU,Australia
42,-41.95804195804196,2020-03-29,AU,Australia
0,16.231884057971016,2020-02-16,AT,Austria
1,12.753623188405797,2020-02-17,AT,Austria
2,10.434782608695656,2020-02-18,AT,Austria
3,8.1159420289855,2020-02-19,AT,Austria
4,6.956521739130437,2020-02-20,AT,Austria
5,9.85507246376811,2020-02-21,AT,Austria
6,11.014492753623188,2020-02-22,AT,Austria
7,10.434782608695656,2020-02-23,AT,Austria
8,15.072463768115938,2020-02-24,AT,Austria
9,13.333333333333329,2020-02-25,AT,Austria
10,3.4782608695652186,2020-02-26,AT,Austria
11,4.637681159420296,2020-02-27,AT,Austria
12,4.637681159420296,2020-02-28,AT,Austria
13,5.79710144927536,2020-02-29,AT,Austria
14,4.637681159420296,2020-03-01,AT,Austria
15,5.217391304347828,2020-03-02,AT,Austria
16,4.05797101449275,2020-03-03,AT,Austria
17,6.3768115942029056,2020-03-04,AT,Austria
18,5.217391304347828,2020-03-05,AT,Austria
19,4.05797101449275,2020-03-06,AT,Austria
20,10.434782608695656,2020-03-07,AT,Austria
21,16.811594202898547,2020-03-08,AT,Austria
22,4.637681159420296,2020-03-09,AT,Austria
23,1.7391304347826093,2020-03-10,AT,Austria
24,-2.318840579710141,2020-03-11,AT,Austria
25,-5.79710144927536,2020-03-12,AT,Austria
26,-14.492753623188406,2020-03-13,AT,Austria
27,-28.985507246376812,2020-03-14,AT,Austria
28,-49.85507246376812,2020-03-15,AT,Austria
29,-65.5072463768116,2020-03-16,AT,Austria
30,-75.3623188405797,2020-03-17,AT,Austria
31,-77.10144927536231,2020-03-18,AT,Austria
32,-77.68115942028986,2020-03-19,AT,Austria
33,-78.84057971014492,2020-03-20,AT,Austria
34,-80.0,2020-03-21,AT,Austria
35,-80.0,2020-03-22,AT,Austria
36,-77.68115942028986,2020-03-23,AT,Austria
37,-78.26086956521739,2020-03-24,AT,Austria
38,-78.84057971014492,2020-03-25,AT,Austria
39,-79.42028985507247,2020-03-26,AT,Austria
40,-78.26086956521739,2020-03-27,AT,Austria
41,-78.26086956521739,2020-03-28,AT,Austria
42,-80.0,2020-03-29,AT,Austria
0,0.5614035087719245,2020-02-16,BE,Belgium
1,3.649122807017548,2020-02-17,BE,Belgium
2,4.21052631578948,2020-02-18,BE,Belgium
3,0.8421052631578902,2020-02-19,BE,Belgium
4,0.2807017543859587,2020-02-20,BE,Belgium
5,-1.4035087719298218,2020-02-21,BE,Belgium
6,-4.21052631578948,2020-02-22,BE,Belgium
7,4.21052631578948,2020-02-23,BE,Belgium
8,9.824561403508767,2020-02-24,BE,Belgium
9,5.89473684210526,2020-02-25,BE,Belgium
10,-0.8421052631578902,2020-02-26,BE,Belgium
11,-0.2807017543859587,2020-02-27,BE,Belgium
12,-1.4035087719298218,2020-02-28,BE,Belgium
13,-0.8421052631578902,2020-02-29,BE,Belgium
14,-0.2807017543859587,2020-03-01,BE,Belgium
15,0.2807017543859587,2020-03-02,BE,Belgium
16,2.526315789473685,2020-03-03,BE,Belgium
17,0.8421052631578902,2020-03-04,BE,Belgium
18,-1.9649122807017534,2020-03-05,BE,Belgium
19,2.526315789473685,2020-03-06,BE,Belgium
20,4.21052631578948,2020-03-07,BE,Belgium
21,-0.2807017543859587,2020-03-08,BE,Belgium
22,-0.8421052631578902,2020-03-09,BE,Belgium
23,-3.0877192982456165,2020-03-10,BE,Belgium
24,-3.0877192982456165,2020-03-11,BE,Belgium
25,-5.89473684210526,2020-03-12,BE,Belgium
26,-7.017543859649123,2020-03-13,BE,Belgium
27,-63.719298245614034,2020-03-14,BE,Belgium
28,-56.421052631578945,2020-03-15,BE,Belgium
29,-31.719298245614034,2020-03-16,BE,Belgium
30,-34.526315789473685,2020-03-17,BE,Belgium
31,-55.859649122807014,2020-03-18,BE,Belgium
32,-71.57894736842105,2020-03-19,BE,Belgium
33,-77.75438596491227,2020-03-20,BE,Belgium
34,-80.0,2020-03-21,BE,Belgium
35,-77.19298245614036,2020-03-22,BE,Belgium
36,-73.26315789473685,2020-03-23,BE,Belgium
37,-72.70175438596492,2020-03-24,BE,Belgium
38,-74.3859649122807,2020-03-25,BE,Belgium
39,-75.50877192982456,2020-03-26,BE,Belgium
40,-76.63157894736842,2020-03-27,BE,Belgium
41,-80.0,2020-03-28,BE,Belgium
42,-80.0,2020-03-29,BE,Belgium
0,5.5944055944056,2020-02-16,BA,Bosnia And Herzegovina
1,3.9160839160839203,2020-02-17,BA,Bosnia And Herzegovina
2,3.9160839160839203,2020-02-18,BA,Bosnia And Herzegovina
3,2.7972027972028,2020-02-19,BA,Bosnia And Herzegovina
4,2.23776223776224,2020-02-20,BA,Bosnia And Herzegovina
5,4.47552447552448,2020-02-21,BA,Bosnia And Herzegovina
6,5.03496503496504,2020-02-22,BA,Bosnia And Herzegovina
7,2.23776223776224,2020-02-23,BA,Bosnia And Herzegovina
8,2.23776223776224,2020-02-24,BA,Bosnia And Herzegovina
9,2.7972027972028,2020-02-25,BA,Bosnia And Herzegovina
10,-2.7972027972028,2020-02-26,BA,Bosnia And Herzegovina
11,-2.23776223776224,2020-02-27,BA,Bosnia And Herzegovina
12,0.55944055944056,2020-02-28,BA,Bosnia And Herzegovina
13,2.7972027972028,2020-02-29,BA,Bosnia And Herzegovina
14,-5.5944055944056,2020-03-01,BA,Bosnia And Herzegovina
15,-4.47552447552448,2020-03-02,BA,Bosnia And Herzegovina
16,1.67832167832168,2020-03-03,BA,Bosnia And Herzegovina
17,3.35664335664336,2020-03-04,BA,Bosnia And Herzegovina
18,7.272727272727266,2020-03-05,BA,Bosnia And Herzegovina
19,5.03496503496504,2020-03-06,BA,Bosnia And Herzegovina
20,10.629370629370626,2020-03-07,BA,Bosnia And Herzegovina
21,16.223776223776227,2020-03-08,BA,Bosnia And Herzegovina
22,2.7972027972028,2020-03-09,BA,Bosnia And Herzegovina
23,3.9160839160839203,2020-03-10,BA,Bosnia And Herzegovina
24,1.67832167832168,2020-03-11,BA,Bosnia And Herzegovina
25,-1.11888111888112,2020-03-12,BA,Bosnia And Herzegovina
26,-9.510489510489506,2020-03-13,BA,Bosnia And Herzegovina
27,-19.02097902097902,2020-03-14,BA,Bosnia And Herzegovina
28,-22.93706293706294,2020-03-15,BA,Bosnia And Herzegovina
29,-22.37762237762238,2020-03-16,BA,Bosnia And Herzegovina
30,-31.328671328671327,2020-03-17,BA,Bosnia And Herzegovina
31,-45.87412587412587,2020-03-18,BA,Bosnia And Herzegovina
32,-55.38461538461539,2020-03-19,BA,Bosnia And Herzegovina
33,-59.3006993006993,2020-03-20,BA,Bosnia And Herzegovina
34,-65.45454545454545,2020-03-21,BA,Bosnia And Herzegovina
35,-73.28671328671328,2020-03-22,BA,Bosnia And Herzegovina
36,-69.93006993006993,2020-03-23,BA,Bosnia And Herzegovina
37,-70.4895104895105,2020-03-24,BA,Bosnia And Herzegovina
38,-72.16783216783217,2020-03-25,BA,Bosnia And Herzegovina
39,-71.60839160839161,2020-03-26,BA,Bosnia And Herzegovina
40,-71.04895104895105,2020-03-27,BA,Bosnia And Herzegovina
41,-72.16783216783217,2020-03-28,BA,Bosnia And Herzegovina
42,-73.84615384615384,2020-03-29,BA,Bosnia And Herzegovina
0,0.8421052631578902,2020-02-16,BR,Brazil
1,-1.4035087719298218,2020-02-17,BR,Brazil
2,-0.8421052631578902,2020-02-18,BR,Brazil
3,1.4035087719298218,2020-02-19,BR,Brazil
4,2.526315789473685,2020-02-20,BR,Brazil
5,0.8421052631578902,2020-02-21,BR,Brazil
6,1.9649122807017534,2020-02-22,BR,Brazil
7,0.2807017543859587,2020-02-23,BR,Brazil
8,-17.684210526315788,2020-02-24,BR,Brazil
9,-23.85964912280702,2020-02-25,BR,Brazil
10,-12.631578947368425,2020-02-26,BR,Brazil
11,-5.89473684210526,2020-02-27,BR,Brazil
12,-3.0877192982456165,2020-02-28,BR,Brazil
13,-2.526315789473685,2020-02-29,BR,Brazil
14,-7.017543859649123,2020-03-01,BR,Brazil
15,-4.771929824561397,2020-03-02,BR,Brazil
16,-2.526315789473685,2020-03-03,BR,Brazil
17,0.2807017543859587,2020-03-04,BR,Brazil
18,2.526315789473685,2020-03-05,BR,Brazil
19,7.578947368421055,2020-03-06,BR,Brazil
20,9.824561403508767,2020-03-07,BR,Brazil
21,9.263157894736835,2020-03-08,BR,Brazil
22,2.526315789473685,2020-03-09,BR,Brazil
23,1.4035087719298218,2020-03-10,BR,Brazil
24,1.9649122807017534,2020-03-11,BR,Brazil
25,-0.2807017543859587,2020-03-12,BR,Brazil
26,0.8421052631578902,2020-03-13,BR,Brazil
27,-0.2807017543859587,2020-03-14,BR,Brazil
28,-5.89473684210526,2020-03-15,BR,Brazil
29,-9.263157894736835,2020-03-16,BR,Brazil
30,-15.438596491228068,2020-03-17,BR,Brazil
31,-22.175438596491226,2020-03-18,BR,Brazil
32,-31.719298245614034,2020-03-19,BR,Brazil
33,-40.70175438596491,2020-03-20,BR,Brazil
34,-54.17543859649123,2020-03-21,BR,Brazil
35,-67.08771929824562,2020-03-22,BR,Brazil
36,-65.96491228070175,2020-03-23,BR,Brazil
37,-67.08771929824562,2020-03-24,BR,Brazil
38,-68.7719298245614,2020-03-25,BR,Brazil
39,-67.64912280701755,2020-03-26,BR,Brazil
40,-66.52631578947368,2020-03-27,BR,Brazil
41,-67.08771929824562,2020-03-28,BR,Brazil
42,-69.33333333333333,2020-03-29,BR,Brazil
0,3.649122807017548,2020-02-16,BF,Burkina Faso
1,2.526315789473685,2020-02-17,BF,Burkina Faso
2,1.4035087719298218,2020-02-18,BF,Burkina Faso
3,-0.2807017543859587,2020-02-19,BF,Burkina Faso
4,1.4035087719298218,2020-02-20,BF,Burkina Faso
5,1.9649122807017534,2020-02-21,BF,Burkina Faso
6,3.0877192982456165,2020-02-22,BF,Burkina Faso
7,3.0877192982456165,2020-02-23,BF,Burkina Faso
8,4.21052631578948,2020-02-24,BF,Burkina Faso
9,3.649122807017548,2020-02-25,BF,Burkina Faso
10,0.8421052631578902,2020-02-26,BF,Burkina Faso
11,1.4035087719298218,2020-02-27,BF,Burkina Faso
12,2.526315789473685,2020-02-28,BF,Burkina Faso
13,4.771929824561397,2020-02-29,BF,Burkina Faso
14,5.89473684210526,2020-03-01,BF,Burkina Faso
15,3.649122807017548,2020-03-02,BF,Burkina Faso
16,3.649122807017548,2020-03-03,BF,Burkina Faso
17,3.649122807017548,2020-03-04,BF,Burkina Faso
18,2.526315789473685,2020-03-05,BF,Burkina Faso
19,4.771929824561397,2020-03-06,BF,Burkina Faso
20,9.263157894736835,2020-03-07,BF,Burkina Faso
21,15.438596491228068,2020-03-08,BF,Burkina Faso
22,0.8421052631578902,2020-03-09,BF,Burkina Faso
23,0.8421052631578902,2020-03-10,BF,Burkina Faso
24,-0.2807017543859587,2020-03-11,BF,Burkina Faso
25,-1.9649122807017534,2020-03-12,BF,Burkina Faso
26,-1.4035087719298218,2020-03-13,BF,Burkina Faso
27,-1.9649122807017534,2020-03-14,BF,Burkina Faso
28,0.2807017543859587,2020-03-15,BF,Burkina Faso
29,-1.4035087719298218,2020-03-16,BF,Burkina Faso
30,-3.0877192982456165,2020-03-17,BF,Burkina Faso
31,-5.89473684210526,2020-03-18,BF,Burkina Faso
32,-8.701754385964918,2020-03-19,BF,Burkina Faso
33,-10.385964912280699,2020-03-20,BF,Burkina Faso
34,-22.736842105263158,2020-03-21,BF,Burkina Faso
35,-28.35087719298246,2020-03-22,BF,Burkina Faso
36,-22.736842105263158,2020-03-23,BF,Burkina Faso
37,-23.29824561403509,2020-03-24,BF,Burkina Faso
38,-24.982456140350877,2020-03-25,BF,Burkina Faso
39,-26.666666666666664,2020-03-26,BF,Burkina Faso
40,-28.912280701754383,2020-03-27,BF,Burkina Faso
41,-33.40350877192982,2020-03-28,BF,Burkina Faso
42,-33.68421052631579,2020-03-29,BF,Burkina Faso
0,1.4035087719298218,2020-02-16,CA,Canada
1,-2.526315789473685,2020-02-17,CA,Canada
2,1.4035087719298218,2020-02-18,CA,Canada
3,5.333333333333329,2020-02-19,CA,Canada
4,4.771929824561397,2020-02-20,CA,Canada
5,6.456140350877192,2020-02-21,CA,Canada
6,9.824561403508767,2020-02-22,CA,Canada
7,7.578947368421055,2020-02-23,CA,Canada
8,3.0877192982456165,2020-02-24,CA,Canada
9,1.4035087719298218,2020-02-25,CA,Canada
10,-3.0877192982456165,2020-02-26,CA,Canada
11,-3.0877192982456165,2020-02-27,CA,Canada
12,4.21052631578948,2020-02-28,CA,Canada
13,9.263157894736835,2020-02-29,CA,Canada
14,9.263157894736835,2020-03-01,CA,Canada
15,4.771929824561397,2020-03-02,CA,Canada
16,5.333333333333329,2020-03-03,CA,Canada
17,6.456140350877192,2020-03-04,CA,Canada
18,7.578947368421055,2020-03-05,CA,Canada
19,4.21052631578948,2020-03-06,CA,Canada
20,8.140350877192986,2020-03-07,CA,Canada
21,9.824561403508767,2020-03-08,CA,Canada
22,4.771929824561397,2020-03-09,CA,Canada
23,1.9649122807017534,2020-03-10,CA,Canada
24,4.771929824561397,2020-03-11,CA,Canada
25,7.578947368421055,2020-03-12,CA,Canada
26,-2.526315789473685,2020-03-13,CA,Canada
27,-9.263157894736835,2020-03-14,CA,Canada
28,-10.385964912280699,2020-03-15,CA,Canada
29,-10.385964912280699,2020-03-16,CA,Canada
30,-22.736842105263158,2020-03-17,CA,Canada
31,-30.596491228070178,2020-03-18,CA,Canada
32,-33.96491228070175,2020-03-19,CA,Canada
33,-40.70175438596491,2020-03-20,CA,Canada
34,-46.31578947368421,2020-03-21,CA,Canada
35,-49.12280701754386,2020-03-22,CA,Canada
36,-45.19298245614035,2020-03-23,CA,Canada
37,-46.87719298245614,2020-03-24,CA,Canada
38,-50.80701754385965,2020-03-25,CA,Canada
39,-52.49122807017544,2020-03-26,CA,Canada
40,-53.05263157894737,2020-03-27,CA,Canada
41,-56.421052631578945,2020-03-28,CA,Canada
42,-58.10526315789474,2020-03-29,CA,Canada
0,2.8070175438596507,2020-02-16,CL,Chile
1,1.4035087719298218,2020-02-17,CL,Chile
2,0.8421052631578902,2020-02-18,CL,Chile
3,0.2807017543859587,2020-02-19,CL,Chile
4,-0.8421052631578902,2020-02-20,CL,Chile
5,-0.2807017543859587,2020-02-21,CL,Chile
6,0.2807017543859587,2020-02-22,CL,Chile
7,-0.2807017543859587,2020-02-23,CL,Chile
8,0.2807017543859587,2020-02-24,CL,Chile
9,-0.2807017543859587,2020-02-25,CL,Chile
10,-0.8421052631578902,2020-02-26,CL,Chile
11,3.0877192982456165,2020-02-27,CL,Chile
12,9.824561403508767,2020-02-28,CL,Chile
13,13.192982456140356,2020-02-29,CL,Chile
14,10.385964912280699,2020-03-01,CL,Chile
15,5.89473684210526,2020-03-02,CL,Chile
16,4.771929824561397,2020-03-03,CL,Chile
17,1.4035087719298218,2020-03-04,CL,Chile
18,0.2807017543859587,2020-03-05,CL,Chile
19,3.0877192982456165,2020-03-06,CL,Chile
20,7.017543859649123,2020-03-07,CL,Chile
21,5.333333333333329,2020-03-08,CL,Chile
22,-1.4035087719298218,2020-03-09,CL,Chile
23,-1.4035087719298218,2020-03-10,CL,Chile
24,-6.456140350877192,2020-03-11,CL,Chile
25,-5.333333333333329,2020-03-12,CL,Chile
26,-1.4035087719298218,2020-03-13,CL,Chile
27,0.8421052631578902,2020-03-14,CL,Chile
28,-7.578947368421055,2020-03-15,CL,Chile
29,-17.684210526315788,2020-03-16,CL,Chile
30,-27.789473684210527,2020-03-17,CL,Chile
31,-35.08771929824562,2020-03-18,CL,Chile
32,-46.87719298245614,2020-03-19,CL,Chile
33,-52.49122807017544,2020-03-20,CL,Chile
34,-59.228070175438596,2020-03-21,CL,Chile
35,-67.08771929824562,2020-03-22,CL,Chile
36,-62.03508771929825,2020-03-23,CL,Chile
37,-62.03508771929825,2020-03-24,CL,Chile
38,-62.03508771929825,2020-03-25,CL,Chile
39,-60.35087719298245,2020-03-26,CL,Chile
40,-63.719298245614034,2020-03-27,CL,Chile
41,-66.52631578947368,2020-03-28,CL,Chile
42,-69.61403508771929,2020-03-29,CL,Chile
0,0.2807017543859587,2020-02-16,CO,Colombia
1,-0.8421052631578902,2020-02-17,CO,Colombia
2,-3.0877192982456165,2020-02-18,CO,Colombia
3,-3.649122807017548,2020-02-19,CO,Colombia
4,-1.9649122807017534,2020-02-20,CO,Colombia
5,-0.8421052631578902,2020-02-21,CO,Colombia
6,-3.649122807017548,2020-02-22,CO,Colombia
7,-5.89473684210526,2020-02-23,CO,Colombia
8,-6.456140350877192,2020-02-24,CO,Colombia
9,-6.456140350877192,2020-02-25,CO,Colombia
10,-4.771929824561397,2020-02-26,CO,Colombia
11,0.2807017543859587,2020-02-27,CO,Colombia
12,6.456140350877192,2020-02-28,CO,Colombia
13,8.140350877192986,2020-02-29,CO,Colombia
14,5.333333333333329,2020-03-01,CO,Colombia
15,2.526315789473685,2020-03-02,CO,Colombia
16,0.8421052631578902,2020-03-03,CO,Colombia
17,-0.2807017543859587,2020-03-04,CO,Colombia
18,0.2807017543859587,2020-03-05,CO,Colombia
19,2.526315789473685,2020-03-06,CO,Colombia
20,4.771929824561397,2020-03-07,CO,Colombia
21,6.456140350877192,2020-03-08,CO,Colombia
22,-4.21052631578948,2020-03-09,CO,Colombia
23,-6.456140350877192,2020-03-10,CO,Colombia
24,-6.456140350877192,2020-03-11,CO,Colombia
25,-7.017543859649123,2020-03-12,CO,Colombia
26,-4.771929824561397,2020-03-13,CO,Colombia
27,-4.21052631578948,2020-03-14,CO,Colombia
28,-12.070175438596493,2020-03-15,CO,Colombia
29,-13.754385964912274,2020-03-16,CO,Colombia
30,-20.49122807017544,2020-03-17,CO,Colombia
31,-26.666666666666664,2020-03-18,CO,Colombia
32,-29.473684210526315,2020-03-19,CO,Colombia
33,-51.368421052631575,2020-03-20,CO,Colombia
34,-69.89473684210526,2020-03-21,CO,Colombia
35,-80.0,2020-03-22,CO,Colombia
36,-80.0,2020-03-23,CO,Colombia
37,-71.01754385964912,2020-03-24,CO,Colombia
38,-73.82456140350877,2020-03-25,CO,Colombia
39,-80.0,2020-03-26,CO,Colombia
40,-80.0,2020-03-27,CO,Colombia
41,-80.0,2020-03-28,CO,Colombia
42,-80.0,2020-03-29,CO,Colombia
0,10.105263157894733,2020-02-16,CZ,Czechia
1,8.140350877192986,2020-02-17,CZ,Czechia
2,8.140350877192986,2020-02-18,CZ,Czechia
3,5.333333333333329,2020-02-19,CZ,Czechia
4,4.771929824561397,2020-02-20,CZ,Czechia
5,7.017543859649123,2020-02-21,CZ,Czechia
6,8.701754385964918,2020-02-22,CZ,Czechia
7,4.771929824561397,2020-02-23,CZ,Czechia
8,5.89473684210526,2020-02-24,CZ,Czechia
9,7.017543859649123,2020-02-25,CZ,Czechia
10,4.771929824561397,2020-02-26,CZ,Czechia
11,4.21052631578948,2020-02-27,CZ,Czechia
12,1.9649122807017534,2020-02-28,CZ,Czechia
13,4.21052631578948,2020-02-29,CZ,Czechia
14,8.140350877192986,2020-03-01,CZ,Czechia
15,1.9649122807017534,2020-03-02,CZ,Czechia
16,1.9649122807017534,2020-03-03,CZ,Czechia
17,4.21052631578948,2020-03-04,CZ,Czechia
18,3.0877192982456165,2020-03-05,CZ,Czechia
19,1.4035087719298218,2020-03-06,CZ,Czechia
20,4.771929824561397,2020-03-07,CZ,Czechia
21,12.631578947368425,2020-03-08,CZ,Czechia
22,3.0877192982456165,2020-03-09,CZ,Czechia
23,3.649122807017548,2020-03-10,CZ,Czechia
24,-3.649122807017548,2020-03-11,CZ,Czechia
25,-3.649122807017548,2020-03-12,CZ,Czechia
26,-15.438596491228068,2020-03-13,CZ,Czechia
27,-45.75438596491228,2020-03-14,CZ,Czechia
28,-54.73684210526316,2020-03-15,CZ,Czechia
29,-59.228070175438596,2020-03-16,CZ,Czechia
30,-62.59649122807018,2020-03-17,CZ,Czechia
31,-63.15789473684211,2020-03-18,CZ,Czechia
32,-64.84210526315789,2020-03-19,CZ,Czechia
33,-65.96491228070175,2020-03-20,CZ,Czechia
34,-73.82456140350877,2020-03-21,CZ,Czechia
35,-74.94736842105263,2020-03-22,CZ,Czechia
36,-63.719298245614034,2020-03-23,CZ,Czechia
37,-62.03508771929825,2020-03-24,CZ,Czechia
38,-62.03508771929825,2020-03-25,CZ,Czechia
39,-62.59649122807018,2020-03-26,CZ,Czechia
40,-62.59649122807018,2020-03-27,CZ,Czechia
41,-65.96491228070175,2020-03-28,CZ,Czechia
42,-70.17543859649123,2020-03-29,CZ,Czechia
0,-4.225352112676056,2020-02-16,DO,Dominican Republic
1,0.0,2020-02-17,DO,Dominican Republic
2,-1.6901408450704167,2020-02-18,DO,Dominican Republic
3,-0.5633802816901436,2020-02-19,DO,Dominican Republic
4,0.0,2020-02-20,DO,Dominican Republic
5,0.0,2020-02-21,DO,Dominican Republic
6,-1.6901408450704167,2020-02-22,DO,Dominican Republic
7,-2.2535211267605604,2020-02-23,DO,Dominican Republic
8,0.5633802816901436,2020-02-24,DO,Dominican Republic
9,1.1267605633802873,2020-02-25,DO,Dominican Republic
10,-2.2535211267605604,2020-02-26,DO,Dominican Republic
11,-7.323943661971825,2020-02-27,DO,Dominican Republic
12,2.816901408450704,2020-02-28,DO,Dominican Republic
13,4.507042253521121,2020-02-29,DO,Dominican Republic
14,-2.2535211267605604,2020-03-01,DO,Dominican Republic
15,0.5633802816901436,2020-03-02,DO,Dominican Republic
16,0.5633802816901436,2020-03-03,DO,Dominican Republic
17,0.5633802816901436,2020-03-04,DO,Dominican Republic
18,1.6901408450704167,2020-03-05,DO,Dominican Republic
19,0.5633802816901436,2020-03-06,DO,Dominican Republic
20,1.6901408450704167,2020-03-07,DO,Dominican Republic
21,-7.887323943661968,2020-03-08,DO,Dominican Republic
22,-5.070422535211264,2020-03-09,DO,Dominican Republic
23,-2.816901408450704,2020-03-10,DO,Dominican Republic
24,-3.3802816901408477,2020-03-11,DO,Dominican Republic
25,-3.3802816901408477,2020-03-12,DO,Dominican Republic
26,-2.816901408450704,2020-03-13,DO,Dominican Republic
27,-5.070422535211264,2020-03-14,DO,Dominican Republic
28,-15.211267605633807,2020-03-15,DO,Dominican Republic
29,-7.887323943661968,2020-03-16,DO,Dominican Republic
30,-11.83098591549296,2020-03-17,DO,Dominican Republic
31,-20.84507042253521,2020-03-18,DO,Dominican Republic
32,-42.25352112676056,2020-03-19,DO,Dominican Republic
33,-60.845070422535215,2020-03-20,DO,Dominican Republic
34,-69.85915492957747,2020-03-21,DO,Dominican Republic
35,-74.36619718309859,2020-03-22,DO,Dominican Republic
36,-69.29577464788733,2020-03-23,DO,Dominican Republic
37,-70.98591549295774,2020-03-24,DO,Dominican Republic
38,-73.80281690140845,2020-03-25,DO,Dominican Republic
39,-74.92957746478874,2020-03-26,DO,Dominican Republic
40,-76.61971830985915,2020-03-27,DO,Dominican Republic
41,-78.30985915492958,2020-03-28,DO,Dominican Republic
42,-78.87323943661971,2020-03-29,DO,Dominican Republic
0,3.649122807017548,2020-02-16,EC,Ecuador
1,4.21052631578948,2020-02-17,EC,Ecuador
2,4.771929824561397,2020-02-18,EC,Ecuador
3,4.771929824561397,2020-02-19,EC,Ecuador
4,3.649122807017548,2020-02-20,EC,Ecuador
5,-0.2807017543859587,2020-02-21,EC,Ecuador
6,-0.2807017543859587,2020-02-22,EC,Ecuador
7,-2.526315789473685,2020-02-23,EC,Ecuador
8,-16.56140350877193,2020-02-24,EC,Ecuador
9,-13.754385964912274,2020-02-25,EC,Ecuador
10,-3.649122807017548,2020-02-26,EC,Ecuador
11,-0.8421052631578902,2020-02-27,EC,Ecuador
12,-0.8421052631578902,2020-02-28,EC,Ecuador
13,-1.9649122807017534,2020-02-29,EC,Ecuador
14,-0.8421052631578902,2020-03-01,EC,Ecuador
15,3.649122807017548,2020-03-02,EC,Ecuador
16,4.21052631578948,2020-03-03,EC,Ecuador
17,3.649122807017548,2020-03-04,EC,Ecuador
18,1.9649122807017534,2020-03-05,EC,Ecuador
19,-0.2807017543859587,2020-03-06,EC,Ecuador
20,1.4035087719298218,2020-03-07,EC,Ecuador
21,7.298245614035089,2020-03-08,EC,Ecuador
22,1.9649122807017534,2020-03-09,EC,Ecuador
23,1.4035087719298218,2020-03-10,EC,Ecuador
24,-0.2807017543859587,2020-03-11,EC,Ecuador
25,-0.8421052631578902,2020-03-12,EC,Ecuador
26,-6.456140350877192,2020-03-13,EC,Ecuador
27,-15.438596491228068,2020-03-14,EC,Ecuador
28,-26.666666666666664,2020-03-15,EC,Ecuador
29,-21.05263157894737,2020-03-16,EC,Ecuador
30,-45.19298245614035,2020-03-17,EC,Ecuador
31,-72.70175438596492,2020-03-18,EC,Ecuador
32,-78.87719298245614,2020-03-19,EC,Ecuador
33,-80.0,2020-03-20,EC,Ecuador
34,-80.0,2020-03-21,EC,Ecuador
35,-80.0,2020-03-22,EC,Ecuador
36,-80.0,2020-03-23,EC,Ecuador
37,-80.0,2020-03-24,EC,Ecuador
38,-80.0,2020-03-25,EC,Ecuador
39,-80.0,2020-03-26,EC,Ecuador
40,-80.0,2020-03-27,EC,Ecuador
41,-80.0,2020-03-28,EC,Ecuador
42,-80.0,2020-03-29,EC,Ecuador
0,0.8421052631578902,2020-02-16,EG,Egypt
1,1.4035087719298218,2020-02-17,EG,Egypt
2,-1.4035087719298218,2020-02-18,EG,Egypt
3,-3.649122807017548,2020-02-19,EG,Egypt
4,3.649122807017548,2020-02-20,EG,Egypt
5,4.21052631578948,2020-02-21,EG,Egypt
6,-0.8421052631578902,2020-02-22,EG,Egypt
7,-7.017543859649123,2020-02-23,EG,Egypt
8,-9.263157894736835,2020-02-24,EG,Egypt
9,-2.526315789473685,2020-02-25,EG,Egypt
10,1.4035087719298218,2020-02-26,EG,Egypt
11,8.701754385964918,2020-02-27,EG,Egypt
12,12.070175438596493,2020-02-28,EG,Egypt
13,4.21052631578948,2020-02-29,EG,Egypt
14,3.0877192982456165,2020-03-01,EG,Egypt
15,4.21052631578948,2020-03-02,EG,Egypt
16,5.333333333333329,2020-03-03,EG,Egypt
17,4.21052631578948,2020-03-04,EG,Egypt
18,6.456140350877192,2020-03-05,EG,Egypt
19,11.508771929824562,2020-03-06,EG,Egypt
20,6.456140350877192,2020-03-07,EG,Egypt
21,0.2807017543859587,2020-03-08,EG,Egypt
22,0.8421052631578902,2020-03-09,EG,Egypt
23,3.0877192982456165,2020-03-10,EG,Egypt
24,3.649122807017548,2020-03-11,EG,Egypt
25,-48.0,2020-03-12,EG,Egypt
26,-36.21052631578947,2020-03-13,EG,Egypt
27,-14.877192982456137,2020-03-14,EG,Egypt
28,-10.385964912280699,2020-03-15,EG,Egypt
29,-9.824561403508767,2020-03-16,EG,Egypt
30,-16.56140350877193,2020-03-17,EG,Egypt
31,-20.49122807017544,2020-03-18,EG,Egypt
32,-30.596491228070178,2020-03-19,EG,Egypt
33,-37.89473684210526,2020-03-20,EG,Egypt
34,-37.89473684210526,2020-03-21,EG,Egypt
35,-40.70175438596491,2020-03-22,EG,Egypt
36,-44.07017543859649,2020-03-23,EG,Egypt
37,-43.50877192982456,2020-03-24,EG,Egypt
38,-49.684210526315795,2020-03-25,EG,Egypt
39,-55.29824561403509,2020-03-26,EG,Egypt
40,-65.96491228070175,2020-03-27,EG,Egypt
41,-72.14035087719299,2020-03-28,EG,Egypt
42,-52.771929824561404,2020-03-29,EG,Egypt
0,5.91549295774648,2020-02-16,EE,Estonia
1,5.633802816901408,2020-02-17,EE,Estonia
2,6.197183098591552,2020-02-18,EE,Estonia
3,6.760563380281695,2020-02-19,EE,Estonia
4,4.507042253521121,2020-02-20,EE,Estonia
5,-1.6901408450704167,2020-02-21,EE,Estonia
6,7.323943661971825,2020-02-22,EE,Estonia
7,1.1267605633802873,2020-02-23,EE,Estonia
8,-4.507042253521121,2020-02-24,EE,Estonia
9,2.2535211267605604,2020-02-25,EE,Estonia
10,1.1267605633802873,2020-02-26,EE,Estonia
11,0.5633802816901436,2020-02-27,EE,Estonia
12,-2.2535211267605604,2020-02-28,EE,Estonia
13,-2.816901408450704,2020-02-29,EE,Estonia
14,0.5633802816901436,2020-03-01,EE,Estonia
15,2.2535211267605604,2020-03-02,EE,Estonia
16,1.6901408450704167,2020-03-03,EE,Estonia
17,2.816901408450704,2020-03-04,EE,Estonia
18,7.887323943661968,2020-03-05,EE,Estonia
19,10.140845070422529,2020-03-06,EE,Estonia
20,17.464788732394368,2020-03-07,EE,Estonia
21,27.042253521126767,2020-03-08,EE,Estonia
22,6.760563380281695,2020-03-09,EE,Estonia
23,5.070422535211264,2020-03-10,EE,Estonia
24,3.3802816901408477,2020-03-11,EE,Estonia
25,2.2535211267605604,2020-03-12,EE,Estonia
26,-10.140845070422529,2020-03-13,EE,Estonia
27,-30.422535211267608,2020-03-14,EE,Estonia
28,-32.11267605633803,2020-03-15,EE,Estonia
29,-32.67605633802817,2020-03-16,EE,Estonia
30,-38.309859154929576,2020-03-17,EE,Estonia
31,-41.690140845070424,2020-03-18,EE,Estonia
32,-39.436619718309856,2020-03-19,EE,Estonia
33,-42.25352112676056,2020-03-20,EE,Estonia
34,-46.76056338028169,2020-03-21,EE,Estonia
35,-42.25352112676056,2020-03-22,EE,Estonia
36,-39.436619718309856,2020-03-23,EE,Estonia
37,-41.12676056338028,2020-03-24,EE,Estonia
38,-40.0,2020-03-25,EE,Estonia
39,-41.690140845070424,2020-03-26,EE,Estonia
40,-49.014084507042256,2020-03-27,EE,Estonia
41,-57.46478873239437,2020-03-28,EE,Estonia
42,-59.436619718309856,2020-03-29,EE,Estonia
0,2.787456445993037,2020-02-16,FI,Finland
1,4.181184668989545,2020-02-17,FI,Finland
2,5.296167247386762,2020-02-18,FI,Finland
3,3.623693379790936,2020-02-19,FI,Finland
4,2.5087108013937325,2020-02-20,FI,Finland
5,1.3937282229965149,2020-02-21,FI,Finland
6,3.623693379790936,2020-02-22,FI,Finland
7,6.411149825783966,2020-02-23,FI,Finland
8,5.853658536585371,2020-02-24,FI,Finland
9,5.853658536585371,2020-02-25,FI,Finland
10,5.853658536585371,2020-02-26,FI,Finland
11,4.7386759581881535,2020-02-27,FI,Finland
12,4.7386759581881535,2020-02-28,FI,Finland
13,2.5087108013937325,2020-02-29,FI,Finland
14,1.3937282229965149,2020-03-01,FI,Finland
15,4.7386759581881535,2020-03-02,FI,Finland
16,3.0662020905923413,2020-03-03,FI,Finland
17,1.3937282229965149,2020-03-04,FI,Finland
18,2.5087108013937325,2020-03-05,FI,Finland
19,4.7386759581881535,2020-03-06,FI,Finland
20,5.296167247386762,2020-03-07,FI,Finland
21,7.526132404181183,2020-03-08,FI,Finland
22,-0.2787456445992973,2020-03-09,FI,Finland
23,-1.3937282229965149,2020-03-10,FI,Finland
24,-1.3937282229965149,2020-03-11,FI,Finland
25,-1.9512195121951237,2020-03-12,FI,Finland
26,-6.968641114982574,2020-03-13,FI,Finland
27,-18.67595818815331,2020-03-14,FI,Finland
28,-21.46341463414634,2020-03-15,FI,Finland
29,-18.1184668989547,2020-03-16,FI,Finland
30,-25.365853658536587,2020-03-17,FI,Finland
31,-32.613240418118465,2020-03-18,FI,Finland
32,-35.400696864111495,2020-03-19,FI,Finland
33,-35.958188153310104,2020-03-20,FI,Finland
34,-42.64808362369338,2020-03-21,FI,Finland
35,-42.64808362369338,2020-03-22,FI,Finland
36,-39.30313588850174,2020-03-23,FI,Finland
37,-40.41811846689895,2020-03-24,FI,Finland
38,-40.97560975609756,2020-03-25,FI,Finland
39,-41.53310104529617,2020-03-26,FI,Finland
40,-42.64808362369338,2020-03-27,FI,Finland
41,-46.55052264808362,2020-03-28,FI,Finland
42,-49.33797909407666,2020-03-29,FI,Finland
0,4.1958041958042,2020-02-16,FR,France
1,5.03496503496504,2020-02-17,FR,France
2,1.11888111888112,2020-02-18,FR,France
3,-1.11888111888112,2020-02-19,FR,France
4,0.55944055944056,2020-02-20,FR,France
5,-2.23776223776224,2020-02-21,FR,France
6,5.03496503496504,2020-02-22,FR,France
7,7.272727272727266,2020-02-23,FR,France
8,3.35664335664336,2020-02-24,FR,France
9,0.0,2020-02-25,FR,France
10,-3.9160839160839203,2020-02-26,FR,France
11,-1.67832167832168,2020-02-27,FR,France
12,-1.11888111888112,2020-02-28,FR,France
13,-2.23776223776224,2020-02-29,FR,France
14,0.55944055944056,2020-03-01,FR,France
15,-2.7972027972028,2020-03-02,FR,France
16,-1.11888111888112,2020-03-03,FR,France
17,-5.03496503496504,2020-03-04,FR,France
18,-4.47552447552448,2020-03-05,FR,France
19,-1.11888111888112,2020-03-06,FR,France
20,-1.67832167832168,2020-03-07,FR,France
21,1.11888111888112,2020-03-08,FR,France
22,-2.7972027972028,2020-03-09,FR,France
23,-3.35664335664336,2020-03-10,FR,France
24,-4.47552447552448,2020-03-11,FR,France
25,-6.15384615384616,2020-03-12,FR,France
26,-6.15384615384616,2020-03-13,FR,France
27,-18.46153846153846,2020-03-14,FR,France
28,-33.56643356643357,2020-03-15,FR,France
29,-40.83916083916084,2020-03-16,FR,France
30,-60.97902097902098,2020-03-17,FR,France
31,-72.16783216783217,2020-03-18,FR,France
32,-80.0,2020-03-19,FR,France
33,-80.0,2020-03-20,FR,France
34,-80.0,2020-03-21,FR,France
35,-80.0,2020-03-22,FR,France
36,-80.0,2020-03-23,FR,France
37,-80.0,2020-03-24,FR,France
38,-80.0,2020-03-25,FR,France
39,-80.0,2020-03-26,FR,France
40,-80.0,2020-03-27,FR,France
41,-80.0,2020-03-28,FR,France
42,-80.0,2020-03-29,FR,France
0,4.75524475524476,2020-02-16,DE,Germany
1,3.35664335664336,2020-02-17,DE,Germany
2,4.47552447552448,2020-02-18,DE,Germany
3,3.9160839160839203,2020-02-19,DE,Germany
4,3.35664335664336,2020-02-20,DE,Germany
5,1.67832167832168,2020-02-21,DE,Germany
6,1.11888111888112,2020-02-22,DE,Germany
7,2.23776223776224,2020-02-23,DE,Germany
8,1.67832167832168,2020-02-24,DE,Germany
9,-0.55944055944056,2020-02-25,DE,Germany
10,-2.7972027972028,2020-02-26,DE,Germany
11,0.55944055944056,2020-02-27,DE,Germany
12,2.23776223776224,2020-02-28,DE,Germany
13,5.5944055944056,2020-02-29,DE,Germany
14,7.272727272727266,2020-03-01,DE,Germany
15,2.23776223776224,2020-03-02,DE,Germany
16,1.67832167832168,2020-03-03,DE,Germany
17,1.11888111888112,2020-03-04,DE,Germany
18,-2.23776223776224,2020-03-05,DE,Germany
19,-0.55944055944056,2020-03-06,DE,Germany
20,6.713286713286706,2020-03-07,DE,Germany
21,11.748251748251747,2020-03-08,DE,Germany
22,-0.55944055944056,2020-03-09,DE,Germany
23,-3.9160839160839203,2020-03-10,DE,Germany
24,-0.55944055944056,2020-03-11,DE,Germany
25,-5.5944055944056,2020-03-12,DE,Germany
26,-8.391608391608386,2020-03-13,DE,Germany
27,-13.426573426573427,2020-03-14,DE,Germany
28,-10.069930069930066,2020-03-15,DE,Germany
29,-6.713286713286706,2020-03-16,DE,Germany
30,-18.46153846153846,2020-03-17,DE,Germany
31,-31.328671328671327,2020-03-18,DE,Germany
32,-41.95804195804196,2020-03-19,DE,Germany
33,-47.55244755244755,2020-03-20,DE,Germany
34,-62.65734265734265,2020-03-21,DE,Germany
35,-68.25174825174825,2020-03-22,DE,Germany
36,-55.94405594405595,2020-03-23,DE,Germany
37,-57.06293706293707,2020-03-24,DE,Germany
38,-57.06293706293707,2020-03-25,DE,Germany
39,-57.06293706293707,2020-03-26,DE,Germany
40,-57.06293706293707,2020-03-27,DE,Germany
41,-61.53846153846154,2020-03-28,DE,Germany
42,-69.93006993006993,2020-03-29,DE,Germany
0,8.391608391608386,2020-02-16,GR,Greece
1,5.03496503496504,2020-02-17,GR,Greece
2,4.47552447552448,2020-02-18,GR,Greece
3,7.832167832167826,2020-02-19,GR,Greece
4,2.7972027972028,2020-02-20,GR,Greece
5,-3.9160839160839203,2020-02-21,GR,Greece
6,3.35664335664336,2020-02-22,GR,Greece
7,6.713286713286706,2020-02-23,GR,Greece
8,3.9160839160839203,2020-02-24,GR,Greece
9,2.23776223776224,2020-02-25,GR,Greece
10,3.35664335664336,2020-02-26,GR,Greece
11,2.7972027972028,2020-02-27,GR,Greece
12,1.67832167832168,2020-02-28,GR,Greece
13,12.867132867132867,2020-02-29,GR,Greece
14,20.139860139860133,2020-03-01,GR,Greece
15,8.951048951048946,2020-03-02,GR,Greece
16,-2.23776223776224,2020-03-03,GR,Greece
17,-1.11888111888112,2020-03-04,GR,Greece
18,0.0,2020-03-05,GR,Greece
19,-1.67832167832168,2020-03-06,GR,Greece
20,-3.35664335664336,2020-03-07,GR,Greece
21,-3.9160839160839203,2020-03-08,GR,Greece
22,-7.272727272727266,2020-03-09,GR,Greece
23,-5.03496503496504,2020-03-10,GR,Greece
24,-5.5944055944056,2020-03-11,GR,Greece
25,-11.188811188811187,2020-03-12,GR,Greece
26,-22.93706293706294,2020-03-13,GR,Greece
27,-49.230769230769226,2020-03-14,GR,Greece
28,-61.53846153846154,2020-03-15,GR,Greece
29,-52.02797202797203,2020-03-16,GR,Greece
30,-52.58741258741259,2020-03-17,GR,Greece
31,-60.97902097902098,2020-03-18,GR,Greece
32,-63.77622377622377,2020-03-19,GR,Greece
33,-65.45454545454545,2020-03-20,GR,Greece
34,-69.37062937062937,2020-03-21,GR,Greece
35,-71.04895104895105,2020-03-22,GR,Greece
36,-74.4055944055944,2020-03-23,GR,Greece
37,-74.96503496503496,2020-03-24,GR,Greece
38,-80.0,2020-03-25,GR,Greece
39,-76.64335664335664,2020-03-26,GR,Greece
40,-77.2027972027972,2020-03-27,GR,Greece
41,-78.32167832167832,2020-03-28,GR,Greece
42,-78.88111888111888,2020-03-29,GR,Greece
0,1.3986013986014,2020-02-16,HN,Honduras
1,0.0,2020-02-17,HN,Honduras
2,-2.23776223776224,2020-02-18,HN,Honduras
3,-2.7972027972028,2020-02-19,HN,Honduras
4,-1.67832167832168,2020-02-20,HN,Honduras
5,-2.7972027972028,2020-02-21,HN,Honduras
6,-3.35664335664336,2020-02-22,HN,Honduras
7,-3.35664335664336,2020-02-23,HN,Honduras
8,-3.35664335664336,2020-02-24,HN,Honduras
9,-3.35664335664336,2020-02-25,HN,Honduras
10,-5.5944055944056,2020-02-26,HN,Honduras
11,-5.03496503496504,2020-02-27,HN,Honduras
12,-1.67832167832168,2020-02-28,HN,Honduras
13,2.23776223776224,2020-02-29,HN,Honduras
14,2.7972027972028,2020-03-01,HN,Honduras
15,1.11888111888112,2020-03-02,HN,Honduras
16,1.11888111888112,2020-03-03,HN,Honduras
17,0.55944055944056,2020-03-04,HN,Honduras
18,0.0,2020-03-05,HN,Honduras
19,0.0,2020-03-06,HN,Honduras
20,-1.11888111888112,2020-03-07,HN,Honduras
21,-3.9160839160839203,2020-03-08,HN,Honduras
22,-3.35664335664336,2020-03-09,HN,Honduras
23,-2.7972027972028,2020-03-10,HN,Honduras
24,-3.35664335664336,2020-03-11,HN,Honduras
25,-6.15384615384616,2020-03-12,HN,Honduras
26,-6.15384615384616,2020-03-13,HN,Honduras
27,-10.629370629370626,2020-03-14,HN,Honduras
28,-20.13986013986014,2020-03-15,HN,Honduras
29,-39.72027972027972,2020-03-16,HN,Honduras
30,-63.77622377622377,2020-03-17,HN,Honduras
31,-75.52447552447552,2020-03-18,HN,Honduras
32,-74.96503496503496,2020-03-19,HN,Honduras
33,-80.0,2020-03-20,HN,Honduras
34,-80.0,2020-03-21,HN,Honduras
35,-80.0,2020-03-22,HN,Honduras
36,-80.0,2020-03-23,HN,Honduras
37,-80.0,2020-03-24,HN,Honduras
38,-73.84615384615384,2020-03-25,HN,Honduras
39,-76.08391608391608,2020-03-26,HN,Honduras
40,-74.4055944055944,2020-03-27,HN,Honduras
41,-77.2027972027972,2020-03-28,HN,Honduras
42,-79.44055944055944,2020-03-29,HN,Honduras
0,14.825174825174827,2020-02-16,HU,Hungary
1,6.713286713286706,2020-02-17,HU,Hungary
2,5.03496503496504,2020-02-18,HU,Hungary
3,5.03496503496504,2020-02-19,HU,Hungary
4,4.47552447552448,2020-02-20,HU,Hungary
5,6.713286713286706,2020-02-21,HU,Hungary
6,10.629370629370626,2020-02-22,HU,Hungary
7,9.510489510489506,2020-02-23,HU,Hungary
8,4.47552447552448,2020-02-24,HU,Hungary
9,3.9160839160839203,2020-02-25,HU,Hungary
10,1.11888111888112,2020-02-26,HU,Hungary
11,3.35664335664336,2020-02-27,HU,Hungary
12,2.23776223776224,2020-02-28,HU,Hungary
13,3.9160839160839203,2020-02-29,HU,Hungary
14,5.03496503496504,2020-03-01,HU,Hungary
15,1.67832167832168,2020-03-02,HU,Hungary
16,2.23776223776224,2020-03-03,HU,Hungary
17,4.47552447552448,2020-03-04,HU,Hungary
18,7.272727272727266,2020-03-05,HU,Hungary
19,6.15384615384616,2020-03-06,HU,Hungary
20,15.104895104895107,2020-03-07,HU,Hungary
21,22.937062937062933,2020-03-08,HU,Hungary
22,7.832167832167826,2020-03-09,HU,Hungary
23,8.391608391608386,2020-03-10,HU,Hungary
24,5.5944055944056,2020-03-11,HU,Hungary
25,6.15384615384616,2020-03-12,HU,Hungary
26,-1.11888111888112,2020-03-13,HU,Hungary
27,-7.272727272727266,2020-03-14,HU,Hungary
28,-27.412587412587413,2020-03-15,HU,Hungary
29,-10.069930069930066,2020-03-16,HU,Hungary
30,-22.93706293706294,2020-03-17,HU,Hungary
31,-33.00699300699301,2020-03-18,HU,Hungary
32,-38.04195804195804,2020-03-19,HU,Hungary
33,-41.95804195804196,2020-03-20,HU,Hungary
34,-50.90909090909091,2020-03-21,HU,Hungary
35,-59.3006993006993,2020-03-22,HU,Hungary
36,-54.82517482517483,2020-03-23,HU,Hungary
37,-52.02797202797203,2020-03-24,HU,Hungary
38,-53.14685314685315,2020-03-25,HU,Hungary
39,-52.02797202797203,2020-03-26,HU,Hungary
40,-44.75524475524475,2020-03-27,HU,Hungary
41,-51.46853146853147,2020-03-28,HU,Hungary
42,-64.33566433566433,2020-03-29,HU,Hungary
0,-3.098591549295776,2020-02-16,JP,Japan
1,1.1267605633802873,2020-02-17,JP,Japan
2,1.6901408450704167,2020-02-18,JP,Japan
3,1.6901408450704167,2020-02-19,JP,Japan
4,1.1267605633802873,2020-02-20,JP,Japan
5,-1.1267605633802873,2020-02-21,JP,Japan
6,-0.5633802816901436,2020-02-22,JP,Japan
7,11.83098591549296,2020-02-23,JP,Japan
8,14.08450704225352,2020-02-24,JP,Japan
9,0.0,2020-02-25,JP,Japan
10,-1.6901408450704167,2020-02-26,JP,Japan
11,-1.1267605633802873,2020-02-27,JP,Japan
12,-2.2535211267605604,2020-02-28,JP,Japan
13,-8.450704225352112,2020-02-29,JP,Japan
14,-9.014084507042256,2020-03-01,JP,Japan
15,-5.633802816901408,2020-03-02,JP,Japan
16,-1.6901408450704167,2020-03-03,JP,Japan
17,-9.014084507042256,2020-03-04,JP,Japan
18,-7.323943661971825,2020-03-05,JP,Japan
19,-8.450704225352112,2020-03-06,JP,Japan
20,-10.704225352112672,2020-03-07,JP,Japan
21,-12.95774647887324,2020-03-08,JP,Japan
22,-6.197183098591552,2020-03-09,JP,Japan
23,-6.760563380281695,2020-03-10,JP,Japan
24,-1.6901408450704167,2020-03-11,JP,Japan
25,-1.6901408450704167,2020-03-12,JP,Japan
26,-3.3802816901408477,2020-03-13,JP,Japan
27,-10.140845070422529,2020-03-14,JP,Japan
28,-5.633802816901408,2020-03-15,JP,Japan
29,-5.070422535211264,2020-03-16,JP,Japan
30,0.0,2020-03-17,JP,Japan
31,-0.5633802816901436,2020-03-18,JP,Japan
32,5.633802816901408,2020-03-19,JP,Japan
33,7.887323943661968,2020-03-20,JP,Japan
34,-0.5633802816901436,2020-03-21,JP,Japan
35,-6.197183098591552,2020-03-22,JP,Japan
36,-3.3802816901408477,2020-03-23,JP,Japan
37,0.5633802816901436,2020-03-24,JP,Japan
38,2.816901408450704,2020-03-25,JP,Japan
39,2.2535211267605604,2020-03-26,JP,Japan
40,-3.9436619718309913,2020-03-27,JP,Japan
41,-12.957746478873233,2020-03-28,JP,Japan
42,-20.56338028169014,2020-03-29,JP,Japan
0,-7.272727272727266,2020-02-16,KR,"Korea, South"
1,-1.67832167832168,2020-02-17,KR,"Korea, South"
2,-1.67832167832168,2020-02-18,KR,"Korea, South"
3,-5.03496503496504,2020-02-19,KR,"Korea, South"
4,-8.951048951048946,2020-02-20,KR,"Korea, South"
5,-17.34265734265734,2020-02-21,KR,"Korea, South"
6,-26.853146853146853,2020-02-22,KR,"Korea, South"
7,-24.055944055944053,2020-02-23,KR,"Korea, South"
8,-22.93706293706294,2020-02-24,KR,"Korea, South"
9,-29.090909090909093,2020-02-25,KR,"Korea, South"
10,-27.972027972027973,2020-02-26,KR,"Korea, South"
11,-30.209790209790206,2020-02-27,KR,"Korea, South"
12,-35.24475524475525,2020-02-28,KR,"Korea, South"
13,-36.92307692307692,2020-02-29,KR,"Korea, South"
14,-31.888111888111887,2020-03-01,KR,"Korea, South"
15,-21.81818181818182,2020-03-02,KR,"Korea, South"
16,-22.93706293706294,2020-03-03,KR,"Korea, South"
17,-27.412587412587413,2020-03-04,KR,"Korea, South"
18,-26.293706293706293,2020-03-05,KR,"Korea, South"
19,-25.734265734265733,2020-03-06,KR,"Korea, South"
20,-29.090909090909093,2020-03-07,KR,"Korea, South"
21,-24.055944055944053,2020-03-08,KR,"Korea, South"
22,-17.9020979020979,2020-03-09,KR,"Korea, South"
23,-22.93706293706294,2020-03-10,KR,"Korea, South"
24,-20.6993006993007,2020-03-11,KR,"Korea, South"
25,-21.25874125874126,2020-03-12,KR,"Korea, South"
26,-22.37762237762238,2020-03-13,KR,"Korea, South"
27,-22.93706293706294,2020-03-14,KR,"Korea, South"
28,-24.615384615384613,2020-03-15,KR,"Korea, South"
29,-15.664335664335667,2020-03-16,KR,"Korea, South"
30,-16.78321678321678,2020-03-17,KR,"Korea, South"
31,-17.34265734265734,2020-03-18,KR,"Korea, South"
32,-24.055944055944053,2020-03-19,KR,"Korea, South"
33,-19.58041958041958,2020-03-20,KR,"Korea, South"
34,-19.58041958041958,2020-03-21,KR,"Korea, South"
35,-19.02097902097902,2020-03-22,KR,"Korea, South"
36,-14.545454545454547,2020-03-23,KR,"Korea, South"
37,-13.986013986013987,2020-03-24,KR,"Korea, South"
38,-15.664335664335667,2020-03-25,KR,"Korea, South"
39,-20.13986013986014,2020-03-26,KR,"Korea, South"
40,-21.81818181818182,2020-03-27,KR,"Korea, South"
41,-21.25874125874126,2020-03-28,KR,"Korea, South"
42,-19.02097902097902,2020-03-29,KR,"Korea, South"
0,2.51748251748252,2020-02-16,LB,Lebanon
1,3.9160839160839203,2020-02-17,LB,Lebanon
2,5.03496503496504,2020-02-18,LB,Lebanon
3,5.5944055944056,2020-02-19,LB,Lebanon
4,5.03496503496504,2020-02-20,LB,Lebanon
5,0.0,2020-02-21,LB,Lebanon
6,-2.23776223776224,2020-02-22,LB,Lebanon
7,-2.23776223776224,2020-02-23,LB,Lebanon
8,-2.7972027972028,2020-02-24,LB,Lebanon
9,1.11888111888112,2020-02-25,LB,Lebanon
10,3.35664335664336,2020-02-26,LB,Lebanon
11,6.15384615384616,2020-02-27,LB,Lebanon
12,5.5944055944056,2020-02-28,LB,Lebanon
13,-3.35664335664336,2020-02-29,LB,Lebanon
14,-1.11888111888112,2020-03-01,LB,Lebanon
15,2.23776223776224,2020-03-02,LB,Lebanon
16,8.391608391608386,2020-03-03,LB,Lebanon
17,10.069930069930066,2020-03-04,LB,Lebanon
18,9.510489510489506,2020-03-05,LB,Lebanon
19,-9.510489510489506,2020-03-06,LB,Lebanon
20,-7.832167832167826,2020-03-07,LB,Lebanon
21,-5.03496503496504,2020-03-08,LB,Lebanon
22,-6.713286713286706,2020-03-09,LB,Lebanon
23,-6.713286713286706,2020-03-10,LB,Lebanon
24,-9.510489510489506,2020-03-11,LB,Lebanon
25,-26.853146853146853,2020-03-12,LB,Lebanon
26,-41.95804195804196,2020-03-13,LB,Lebanon
27,-48.11188811188811,2020-03-14,LB,Lebanon
28,-52.02797202797203,2020-03-15,LB,Lebanon
29,-54.26573426573427,2020-03-16,LB,Lebanon
30,-58.74125874125874,2020-03-17,LB,Lebanon
31,-60.41958041958042,2020-03-18,LB,Lebanon
32,-61.53846153846154,2020-03-19,LB,Lebanon
33,-62.65734265734265,2020-03-20,LB,Lebanon
34,-62.65734265734265,2020-03-21,LB,Lebanon
35,-68.81118881118881,2020-03-22,LB,Lebanon
36,-68.81118881118881,2020-03-23,LB,Lebanon
37,-66.57342657342657,2020-03-24,LB,Lebanon
38,-66.01398601398601,2020-03-25,LB,Lebanon
39,-64.33566433566433,2020-03-26,LB,Lebanon
40,-65.45454545454545,2020-03-27,LB,Lebanon
41,-69.37062937062937,2020-03-28,LB,Lebanon
42,-71.60839160839161,2020-03-29,LB,Lebanon
0,-3.07692307692308,2020-02-16,LU,Luxembourg
1,-1.67832167832168,2020-02-17,LU,Luxembourg
2,-2.7972027972028,2020-02-18,LU,Luxembourg
3,-4.47552447552448,2020-02-19,LU,Luxembourg
4,-5.5944055944056,2020-02-20,LU,Luxembourg
5,-6.713286713286706,2020-02-21,LU,Luxembourg
6,-6.713286713286706,2020-02-22,LU,Luxembourg
7,-3.35664335664336,2020-02-23,LU,Luxembourg
8,0.0,2020-02-24,LU,Luxembourg
9,-0.55944055944056,2020-02-25,LU,Luxembourg
10,-5.03496503496504,2020-02-26,LU,Luxembourg
11,-5.5944055944056,2020-02-27,LU,Luxembourg
12,1.67832167832168,2020-02-28,LU,Luxembourg
13,-0.55944055944056,2020-02-29,LU,Luxembourg
14,-1.67832167832168,2020-03-01,LU,Luxembourg
15,-1.11888111888112,2020-03-02,LU,Luxembourg
16,-1.11888111888112,2020-03-03,LU,Luxembourg
17,-2.23776223776224,2020-03-04,LU,Luxembourg
18,-3.35664335664336,2020-03-05,LU,Luxembourg
19,0.55944055944056,2020-03-06,LU,Luxembourg
20,2.7972027972028,2020-03-07,LU,Luxembourg
21,1.11888111888112,2020-03-08,LU,Luxembourg
22,-0.55944055944056,2020-03-09,LU,Luxembourg
23,-3.9160839160839203,2020-03-10,LU,Luxembourg
24,-5.03496503496504,2020-03-11,LU,Luxembourg
25,-5.03496503496504,2020-03-12,LU,Luxembourg
26,-10.069930069930066,2020-03-13,LU,Luxembourg
27,-25.174825174825173,2020-03-14,LU,Luxembourg
28,-27.972027972027973,2020-03-15,LU,Luxembourg
29,-42.51748251748252,2020-03-16,LU,Luxembourg
30,-57.06293706293707,2020-03-17,LU,Luxembourg
31,-66.57342657342657,2020-03-18,LU,Luxembourg
32,-73.28671328671328,2020-03-19,LU,Luxembourg
33,-77.2027972027972,2020-03-20,LU,Luxembourg
34,-80.0,2020-03-21,LU,Luxembourg
35,-80.0,2020-03-22,LU,Luxembourg
36,-78.32167832167832,2020-03-23,LU,Luxembourg
37,-78.32167832167832,2020-03-24,LU,Luxembourg
38,-80.0,2020-03-25,LU,Luxembourg
39,-80.0,2020-03-26,LU,Luxembourg
40,-80.0,2020-03-27,LU,Luxembourg
41,-80.0,2020-03-28,LU,Luxembourg
42,-80.0,2020-03-29,LU,Luxembourg
0,-3.9160839160839203,2020-02-16,MY,Malaysia
1,-5.03496503496504,2020-02-17,MY,Malaysia
2,-5.03496503496504,2020-02-18,MY,Malaysia
3,-2.23776223776224,2020-02-19,MY,Malaysia
4,-1.67832167832168,2020-02-20,MY,Malaysia
5,-2.7972027972028,2020-02-21,MY,Malaysia
6,-3.9160839160839203,2020-02-22,MY,Malaysia
7,-3.35664335664336,2020-02-23,MY,Malaysia
8,-2.23776223776224,2020-02-24,MY,Malaysia
9,-2.23776223776224,2020-02-25,MY,Malaysia
10,-1.67832167832168,2020-02-26,MY,Malaysia
11,0.0,2020-02-27,MY,Malaysia
12,2.23776223776224,2020-02-28,MY,Malaysia
13,3.35664335664336,2020-02-29,MY,Malaysia
14,1.11888111888112,2020-03-01,MY,Malaysia
15,-0.55944055944056,2020-03-02,MY,Malaysia
16,-1.11888111888112,2020-03-03,MY,Malaysia
17,-1.11888111888112,2020-03-04,MY,Malaysia
18,-1.67832167832168,2020-03-05,MY,Malaysia
19,-0.55944055944056,2020-03-06,MY,Malaysia
20,-0.55944055944056,2020-03-07,MY,Malaysia
21,-0.55944055944056,2020-03-08,MY,Malaysia
22,-1.67832167832168,2020-03-09,MY,Malaysia
23,-3.35664335664336,2020-03-10,MY,Malaysia
24,-3.35664335664336,2020-03-11,MY,Malaysia
25,-3.9160839160839203,2020-03-12,MY,Malaysia
26,-3.9160839160839203,2020-03-13,MY,Malaysia
27,-6.713286713286706,2020-03-14,MY,Malaysia
28,-8.391608391608386,2020-03-15,MY,Malaysia
29,-2.23776223776224,2020-03-16,MY,Malaysia
30,-3.35664335664336,2020-03-17,MY,Malaysia
31,-36.92307692307692,2020-03-18,MY,Malaysia
32,-61.53846153846154,2020-03-19,MY,Malaysia
33,-68.81118881118881,2020-03-20,MY,Malaysia
34,-73.28671328671328,2020-03-21,MY,Malaysia
35,-76.64335664335664,2020-03-22,MY,Malaysia
36,-77.2027972027972,2020-03-23,MY,Malaysia
37,-76.08391608391608,2020-03-24,MY,Malaysia
38,-74.4055944055944,2020-03-25,MY,Malaysia
39,-73.84615384615384,2020-03-26,MY,Malaysia
40,-74.4055944055944,2020-03-27,MY,Malaysia
41,-76.08391608391608,2020-03-28,MY,Malaysia
42,-78.6013986013986,2020-03-29,MY,Malaysia
0,5.31468531468532,2020-02-16,MX,Mexico
1,2.23776223776224,2020-02-17,MX,Mexico
2,1.67832167832168,2020-02-18,MX,Mexico
3,1.11888111888112,2020-02-19,MX,Mexico
4,0.55944055944056,2020-02-20,MX,Mexico
5,1.11888111888112,2020-02-21,MX,Mexico
6,2.7972027972028,2020-02-22,MX,Mexico
7,1.67832167832168,2020-02-23,MX,Mexico
8,0.0,2020-02-24,MX,Mexico
9,-0.55944055944056,2020-02-25,MX,Mexico
10,0.0,2020-02-26,MX,Mexico
11,3.35664335664336,2020-02-27,MX,Mexico
12,5.5944055944056,2020-02-28,MX,Mexico
13,7.272727272727266,2020-02-29,MX,Mexico
14,6.15384615384616,2020-03-01,MX,Mexico
15,2.23776223776224,2020-03-02,MX,Mexico
16,2.23776223776224,2020-03-03,MX,Mexico
17,2.7972027972028,2020-03-04,MX,Mexico
18,2.7972027972028,2020-03-05,MX,Mexico
19,0.55944055944056,2020-03-06,MX,Mexico
20,2.7972027972028,2020-03-07,MX,Mexico
21,3.9160839160839203,2020-03-08,MX,Mexico
22,-5.5944055944056,2020-03-09,MX,Mexico
23,0.0,2020-03-10,MX,Mexico
24,1.11888111888112,2020-03-11,MX,Mexico
25,2.7972027972028,2020-03-12,MX,Mexico
26,3.35664335664336,2020-03-13,MX,Mexico
27,3.35664335664336,2020-03-14,MX,Mexico
28,1.67832167832168,2020-03-15,MX,Mexico
29,-7.832167832167826,2020-03-16,MX,Mexico
30,-6.15384615384616,2020-03-17,MX,Mexico
31,-10.069930069930066,2020-03-18,MX,Mexico
32,-14.545454545454547,2020-03-19,MX,Mexico
33,-20.13986013986014,2020-03-20,MX,Mexico
34,-27.412587412587413,2020-03-21,MX,Mexico
35,-33.56643356643357,2020-03-22,MX,Mexico
36,-30.209790209790206,2020-03-23,MX,Mexico
37,-31.888111888111887,2020-03-24,MX,Mexico
38,-34.68531468531469,2020-03-25,MX,Mexico
39,-35.24475524475525,2020-03-26,MX,Mexico
40,-36.92307692307692,2020-03-27,MX,Mexico
41,-38.04195804195804,2020-03-28,MX,Mexico
42,-41.3986013986014,2020-03-29,MX,Mexico
0,-1.67832167832168,2020-02-16,NL,Netherlands
1,4.47552447552448,2020-02-17,NL,Netherlands
2,5.5944055944056,2020-02-18,NL,Netherlands
3,3.35664335664336,2020-02-19,NL,Netherlands
4,6.15384615384616,2020-02-20,NL,Netherlands
5,6.15384615384616,2020-02-21,NL,Netherlands
6,2.23776223776224,2020-02-22,NL,Netherlands
7,6.713286713286706,2020-02-23,NL,Netherlands
8,13.986013986013987,2020-02-24,NL,Netherlands
9,13.986013986013987,2020-02-25,NL,Netherlands
10,2.7972027972028,2020-02-26,NL,Netherlands
11,1.67832167832168,2020-02-27,NL,Netherlands
12,2.23776223776224,2020-02-28,NL,Netherlands
13,0.55944055944056,2020-02-29,NL,Netherlands
14,3.35664335664336,2020-03-01,NL,Netherlands
15,-1.67832167832168,2020-03-02,NL,Netherlands
16,3.35664335664336,2020-03-03,NL,Netherlands
17,2.23776223776224,2020-03-04,NL,Netherlands
18,-2.23776223776224,2020-03-05,NL,Netherlands
19,2.23776223776224,2020-03-06,NL,Netherlands
20,2.7972027972028,2020-03-07,NL,Netherlands
21,0.0,2020-03-08,NL,Netherlands
22,-1.11888111888112,2020-03-09,NL,Netherlands
23,-3.9160839160839203,2020-03-10,NL,Netherlands
24,-1.67832167832168,2020-03-11,NL,Netherlands
25,-6.713286713286706,2020-03-12,NL,Netherlands
26,-10.629370629370626,2020-03-13,NL,Netherlands
27,-16.223776223776227,2020-03-14,NL,Netherlands
28,-27.412587412587413,2020-03-15,NL,Netherlands
29,-24.615384615384613,2020-03-16,NL,Netherlands
30,-26.293706293706293,2020-03-17,NL,Netherlands
31,-31.328671328671327,2020-03-18,NL,Netherlands
32,-37.48251748251748,2020-03-19,NL,Netherlands
33,-41.95804195804196,2020-03-20,NL,Netherlands
34,-45.87412587412587,2020-03-21,NL,Netherlands
35,-52.58741258741259,2020-03-22,NL,Netherlands
36,-39.72027972027972,2020-03-23,NL,Netherlands
37,-38.6013986013986,2020-03-24,NL,Netherlands
38,-41.95804195804196,2020-03-25,NL,Netherlands
39,-44.75524475524475,2020-03-26,NL,Netherlands
40,-46.43356643356643,2020-03-27,NL,Netherlands
41,-49.790209790209786,2020-03-28,NL,Netherlands
42,-57.62237762237763,2020-03-29,NL,Netherlands
0,9.756097560975604,2020-02-16,MK,North Macedonia
1,8.6411149825784,2020-02-17,MK,North Macedonia
2,6.968641114982574,2020-02-18,MK,North Macedonia
3,1.3937282229965149,2020-02-19,MK,North Macedonia
4,0.8362369337979061,2020-02-20,MK,North Macedonia
5,2.5087108013937325,2020-02-21,MK,North Macedonia
6,4.181184668989545,2020-02-22,MK,North Macedonia
7,5.853658536585371,2020-02-23,MK,North Macedonia
8,4.181184668989545,2020-02-24,MK,North Macedonia
9,4.181184668989545,2020-02-25,MK,North Macedonia
10,0.8362369337979061,2020-02-26,MK,North Macedonia
11,-4.7386759581881535,2020-02-27,MK,North Macedonia
12,-1.3937282229965149,2020-02-28,MK,North Macedonia
13,3.623693379790936,2020-02-29,MK,North Macedonia
14,3.0662020905923413,2020-03-01,MK,North Macedonia
15,6.411149825783966,2020-03-02,MK,North Macedonia
16,3.623693379790936,2020-03-03,MK,North Macedonia
17,1.9512195121951237,2020-03-04,MK,North Macedonia
18,9.19860627177701,2020-03-05,MK,North Macedonia
19,8.6411149825784,2020-03-06,MK,North Macedonia
20,6.411149825783966,2020-03-07,MK,North Macedonia
21,15.888501742160273,2020-03-08,MK,North Macedonia
22,3.623693379790936,2020-03-09,MK,North Macedonia
23,-0.2787456445992973,2020-03-10,MK,North Macedonia
24,-5.296167247386762,2020-03-11,MK,North Macedonia
25,-12.543554006968648,2020-03-12,MK,North Macedonia
26,-22.020905923344948,2020-03-13,MK,North Macedonia
27,-32.055749128919864,2020-03-14,MK,North Macedonia
28,-52.12543554006969,2020-03-15,MK,North Macedonia
29,-43.76306620209059,2020-03-16,MK,North Macedonia
30,-46.55052264808362,2020-03-17,MK,North Macedonia
31,-49.89547038327526,2020-03-18,MK,North Macedonia
32,-53.7979094076655,2020-03-19,MK,North Macedonia
33,-56.58536585365854,2020-03-20,MK,North Macedonia
34,-60.48780487804878,2020-03-21,MK,North Macedonia
35,-66.62020905923345,2020-03-22,MK,North Macedonia
36,-65.50522648083624,2020-03-23,MK,North Macedonia
37,-64.39024390243902,2020-03-24,MK,North Macedonia
38,-64.39024390243902,2020-03-25,MK,North Macedonia
39,-64.94773519163763,2020-03-26,MK,North Macedonia
40,-64.39024390243902,2020-03-27,MK,North Macedonia
41,-68.29268292682927,2020-03-28,MK,North Macedonia
42,-72.75261324041811,2020-03-29,MK,North Macedonia
0,1.122807017543856,2020-02-16,NO,Norway
1,4.21052631578948,2020-02-17,NO,Norway
2,6.456140350877192,2020-02-18,NO,Norway
3,3.649122807017548,2020-02-19,NO,Norway
4,0.8421052631578902,2020-02-20,NO,Norway
5,-0.2807017543859587,2020-02-21,NO,Norway
6,-0.8421052631578902,2020-02-22,NO,Norway
7,1.4035087719298218,2020-02-23,NO,Norway
8,1.9649122807017534,2020-02-24,NO,Norway
9,2.526315789473685,2020-02-25,NO,Norway
10,2.526315789473685,2020-02-26,NO,Norway
11,1.9649122807017534,2020-02-27,NO,Norway
12,0.2807017543859587,2020-02-28,NO,Norway
13,-4.771929824561397,2020-02-29,NO,Norway
14,-5.333333333333329,2020-03-01,NO,Norway
15,-0.2807017543859587,2020-03-02,NO,Norway
16,-0.2807017543859587,2020-03-03,NO,Norway
17,-0.8421052631578902,2020-03-04,NO,Norway
18,0.8421052631578902,2020-03-05,NO,Norway
19,-1.9649122807017534,2020-03-06,NO,Norway
20,-5.89473684210526,2020-03-07,NO,Norway
21,-8.140350877192986,2020-03-08,NO,Norway
22,-3.0877192982456165,2020-03-09,NO,Norway
23,-4.21052631578948,2020-03-10,NO,Norway
24,-4.771929824561397,2020-03-11,NO,Norway
25,-5.333333333333329,2020-03-12,NO,Norway
26,-29.473684210526315,2020-03-13,NO,Norway
27,-44.63157894736842,2020-03-14,NO,Norway
28,-59.78947368421053,2020-03-15,NO,Norway
29,-39.01754385964912,2020-03-16,NO,Norway
30,-42.3859649122807,2020-03-17,NO,Norway
31,-44.07017543859649,2020-03-18,NO,Norway
32,-42.94736842105263,2020-03-19,NO,Norway
33,-42.94736842105263,2020-03-20,NO,Norway
34,-46.87719298245614,2020-03-21,NO,Norway
35,-56.421052631578945,2020-03-22,NO,Norway
36,-41.26315789473684,2020-03-23,NO,Norway
37,-42.3859649122807,2020-03-24,NO,Norway
38,-43.50877192982456,2020-03-25,NO,Norway
39,-42.3859649122807,2020-03-26,NO,Norway
40,-41.26315789473684,2020-03-27,NO,Norway
41,-43.50877192982456,2020-03-28,NO,Norway
42,-54.17543859649123,2020-03-29,NO,Norway
0,7.272727272727266,2020-02-16,PK,Pakistan
1,6.713286713286706,2020-02-17,PK,Pakistan
2,2.7972027972028,2020-02-18,PK,Pakistan
3,0.0,2020-02-19,PK,Pakistan
4,0.55944055944056,2020-02-20,PK,Pakistan
5,2.23776223776224,2020-02-21,PK,Pakistan
6,2.7972027972028,2020-02-22,PK,Pakistan
7,6.15384615384616,2020-02-23,PK,Pakistan
8,7.272727272727266,2020-02-24,PK,Pakistan
9,3.9160839160839203,2020-02-25,PK,Pakistan
10,1.11888111888112,2020-02-26,PK,Pakistan
11,0.55944055944056,2020-02-27,PK,Pakistan
12,-0.55944055944056,2020-02-28,PK,Pakistan
13,0.55944055944056,2020-02-29,PK,Pakistan
14,6.713286713286706,2020-03-01,PK,Pakistan
15,10.069930069930066,2020-03-02,PK,Pakistan
16,7.272727272727266,2020-03-03,PK,Pakistan
17,2.7972027972028,2020-03-04,PK,Pakistan
18,-1.11888111888112,2020-03-05,PK,Pakistan
19,-2.7972027972028,2020-03-06,PK,Pakistan
20,1.11888111888112,2020-03-07,PK,Pakistan
21,6.713286713286706,2020-03-08,PK,Pakistan
22,11.748251748251747,2020-03-09,PK,Pakistan
23,8.391608391608386,2020-03-10,PK,Pakistan
24,-2.7972027972028,2020-03-11,PK,Pakistan
25,-0.55944055944056,2020-03-12,PK,Pakistan
26,1.11888111888112,2020-03-13,PK,Pakistan
27,-1.11888111888112,2020-03-14,PK,Pakistan
28,-2.7972027972028,2020-03-15,PK,Pakistan
29,2.7972027972028,2020-03-16,PK,Pakistan
30,-1.11888111888112,2020-03-17,PK,Pakistan
31,-8.951048951048946,2020-03-18,PK,Pakistan
32,-15.104895104895107,2020-03-19,PK,Pakistan
33,-21.81818181818182,2020-03-20,PK,Pakistan
34,-29.650349650349654,2020-03-21,PK,Pakistan
35,-40.27972027972028,2020-03-22,PK,Pakistan
36,-52.58741258741259,2020-03-23,PK,Pakistan
37,-60.97902097902098,2020-03-24,PK,Pakistan
38,-65.45454545454545,2020-03-25,PK,Pakistan
39,-67.13286713286713,2020-03-26,PK,Pakistan
40,-69.37062937062937,2020-03-27,PK,Pakistan
41,-70.4895104895105,2020-03-28,PK,Pakistan
42,-69.37062937062937,2020-03-29,PK,Pakistan
0,-5.03496503496504,2020-02-16,SA,Saudi Arabia
1,-6.15384615384616,2020-02-17,SA,Saudi Arabia
2,-5.5944055944056,2020-02-18,SA,Saudi Arabia
3,-3.9160839160839203,2020-02-19,SA,Saudi Arabia
4,-3.9160839160839203,2020-02-20,SA,Saudi Arabia
5,-5.5944055944056,2020-02-21,SA,Saudi Arabia
6,-6.713286713286706,2020-02-22,SA,Saudi Arabia
7,-6.15384615384616,2020-02-23,SA,Saudi Arabia
8,-6.713286713286706,2020-02-24,SA,Saudi Arabia
9,-4.47552447552448,2020-02-25,SA,Saudi Arabia
10,0.0,2020-02-26,SA,Saudi Arabia
11,3.9160839160839203,2020-02-27,SA,Saudi Arabia
12,3.35664335664336,2020-02-28,SA,Saudi Arabia
13,2.23776223776224,2020-02-29,SA,Saudi Arabia
14,1.67832167832168,2020-03-01,SA,Saudi Arabia
15,-0.55944055944056,2020-03-02,SA,Saudi Arabia
16,0.0,2020-03-03,SA,Saudi Arabia
17,0.55944055944056,2020-03-04,SA,Saudi Arabia
18,2.23776223776224,2020-03-05,SA,Saudi Arabia
19,0.0,2020-03-06,SA,Saudi Arabia
20,-2.7972027972028,2020-03-07,SA,Saudi Arabia
21,-2.7972027972028,2020-03-08,SA,Saudi Arabia
22,-5.5944055944056,2020-03-09,SA,Saudi Arabia
23,-4.47552447552448,2020-03-10,SA,Saudi Arabia
24,-5.5944055944056,2020-03-11,SA,Saudi Arabia
25,-7.832167832167826,2020-03-12,SA,Saudi Arabia
26,-13.426573426573427,2020-03-13,SA,Saudi Arabia
27,-14.545454545454547,2020-03-14,SA,Saudi Arabia
28,-13.426573426573427,2020-03-15,SA,Saudi Arabia
29,-23.496503496503493,2020-03-16,SA,Saudi Arabia
30,-31.888111888111887,2020-03-17,SA,Saudi Arabia
31,-35.80419580419581,2020-03-18,SA,Saudi Arabia
32,-38.6013986013986,2020-03-19,SA,Saudi Arabia
33,-45.87412587412587,2020-03-20,SA,Saudi Arabia
34,-47.55244755244755,2020-03-21,SA,Saudi Arabia
35,-46.99300699300699,2020-03-22,SA,Saudi Arabia
36,-52.02797202797203,2020-03-23,SA,Saudi Arabia
37,-54.26573426573427,2020-03-24,SA,Saudi Arabia
38,-53.14685314685315,2020-03-25,SA,Saudi Arabia
39,-54.26573426573427,2020-03-26,SA,Saudi Arabia
40,-59.3006993006993,2020-03-27,SA,Saudi Arabia
41,-57.62237762237763,2020-03-28,SA,Saudi Arabia
42,-53.14685314685315,2020-03-29,SA,Saudi Arabia
0,1.9580419580419601,2020-02-16,ES,Spain
1,0.55944055944056,2020-02-17,ES,Spain
2,0.55944055944056,2020-02-18,ES,Spain
3,1.67832167832168,2020-02-19,ES,Spain
4,2.23776223776224,2020-02-20,ES,Spain
5,2.7972027972028,2020-02-21,ES,Spain
6,6.15384615384616,2020-02-22,ES,Spain
7,7.272727272727266,2020-02-23,ES,Spain
8,3.9160839160839203,2020-02-24,ES,Spain
9,0.0,2020-02-25,ES,Spain
10,2.7972027972028,2020-02-26,ES,Spain
11,3.9160839160839203,2020-02-27,ES,Spain
12,0.55944055944056,2020-02-28,ES,Spain
13,1.11888111888112,2020-02-29,ES,Spain
14,2.7972027972028,2020-03-01,ES,Spain
15,-1.11888111888112,2020-03-02,ES,Spain
16,-0.55944055944056,2020-03-03,ES,Spain
17,1.11888111888112,2020-03-04,ES,Spain
18,0.0,2020-03-05,ES,Spain
19,0.0,2020-03-06,ES,Spain
20,1.11888111888112,2020-03-07,ES,Spain
21,3.9160839160839203,2020-03-08,ES,Spain
22,0.0,2020-03-09,ES,Spain
23,-1.11888111888112,2020-03-10,ES,Spain
24,-3.35664335664336,2020-03-11,ES,Spain
25,-10.629370629370626,2020-03-12,ES,Spain
26,-27.412587412587413,2020-03-13,ES,Spain
27,-58.74125874125874,2020-03-14,ES,Spain
28,-80.0,2020-03-15,ES,Spain
29,-78.32167832167832,2020-03-16,ES,Spain
30,-80.0,2020-03-17,ES,Spain
31,-80.0,2020-03-18,ES,Spain
32,-80.0,2020-03-19,ES,Spain
33,-80.0,2020-03-20,ES,Spain
34,-80.0,2020-03-21,ES,Spain
35,-80.0,2020-03-22,ES,Spain
36,-80.0,2020-03-23,ES,Spain
37,-80.0,2020-03-24,ES,Spain
38,-80.0,2020-03-25,ES,Spain
39,-80.0,2020-03-26,ES,Spain
40,-80.0,2020-03-27,ES,Spain
41,-80.0,2020-03-28,ES,Spain
42,-80.0,2020-03-29,ES,Spain
0,-3.0662020905923413,2020-02-16,SE,Sweden
1,0.8362369337979061,2020-02-17,SE,Sweden
2,4.181184668989545,2020-02-18,SE,Sweden
3,3.623693379790936,2020-02-19,SE,Sweden
4,5.296167247386762,2020-02-20,SE,Sweden
5,4.181184668989545,2020-02-21,SE,Sweden
6,3.0662020905923413,2020-02-22,SE,Sweden
7,3.623693379790936,2020-02-23,SE,Sweden
8,6.968641114982574,2020-02-24,SE,Sweden
9,8.083623693379792,2020-02-25,SE,Sweden
10,7.526132404181183,2020-02-26,SE,Sweden
11,8.6411149825784,2020-02-27,SE,Sweden
12,8.6411149825784,2020-02-28,SE,Sweden
13,6.968641114982574,2020-02-29,SE,Sweden
14,1.9512195121951237,2020-03-01,SE,Sweden
15,2.5087108013937325,2020-03-02,SE,Sweden
16,0.8362369337979061,2020-03-03,SE,Sweden
17,0.2787456445992973,2020-03-04,SE,Sweden
18,2.5087108013937325,2020-03-05,SE,Sweden
19,4.7386759581881535,2020-03-06,SE,Sweden
20,5.853658536585371,2020-03-07,SE,Sweden
21,1.9512195121951237,2020-03-08,SE,Sweden
22,-0.8362369337979061,2020-03-09,SE,Sweden
23,-1.9512195121951237,2020-03-10,SE,Sweden
24,-2.5087108013937325,2020-03-11,SE,Sweden
25,-9.756097560975604,2020-03-12,SE,Sweden
26,-11.42857142857143,2020-03-13,SE,Sweden
27,-14.77351916376307,2020-03-14,SE,Sweden
28,-20.905923344947738,2020-03-15,SE,Sweden
29,-17.5609756097561,2020-03-16,SE,Sweden
30,-21.46341463414634,2020-03-17,SE,Sweden
31,-23.693379790940767,2020-03-18,SE,Sweden
32,-20.905923344947738,2020-03-19,SE,Sweden
33,-21.46341463414634,2020-03-20,SE,Sweden
34,-23.693379790940767,2020-03-21,SE,Sweden
35,-24.250871080139376,2020-03-22,SE,Sweden
36,-23.13588850174216,2020-03-23,SE,Sweden
37,-23.13588850174216,2020-03-24,SE,Sweden
38,-18.1184668989547,2020-03-25,SE,Sweden
39,-16.44599303135889,2020-03-26,SE,Sweden
40,-17.00348432055749,2020-03-27,SE,Sweden
41,-19.79094076655052,2020-03-28,SE,Sweden
42,-22.020905923344948,2020-03-29,SE,Sweden
0,5.5944055944056,2020-02-16,CH,Switzerland
1,2.23776223776224,2020-02-17,CH,Switzerland
2,0.55944055944056,2020-02-18,CH,Switzerland
3,1.11888111888112,2020-02-19,CH,Switzerland
4,2.23776223776224,2020-02-20,CH,Switzerland
5,1.11888111888112,2020-02-21,CH,Switzerland
6,9.510489510489506,2020-02-22,CH,Switzerland
7,12.307692307692307,2020-02-23,CH,Switzerland
8,6.713286713286706,2020-02-24,CH,Switzerland
9,2.7972027972028,2020-02-25,CH,Switzerland
10,-3.9160839160839203,2020-02-26,CH,Switzerland
11,-2.23776223776224,2020-02-27,CH,Switzerland
12,-0.55944055944056,2020-02-28,CH,Switzerland
13,-0.55944055944056,2020-02-29,CH,Switzerland
14,3.35664335664336,2020-03-01,CH,Switzerland
15,-3.35664335664336,2020-03-02,CH,Switzerland
16,-0.55944055944056,2020-03-03,CH,Switzerland
17,-2.23776223776224,2020-03-04,CH,Switzerland
18,-7.832167832167826,2020-03-05,CH,Switzerland
19,-4.47552447552448,2020-03-06,CH,Switzerland
20,-0.55944055944056,2020-03-07,CH,Switzerland
21,5.03496503496504,2020-03-08,CH,Switzerland
22,-5.03496503496504,2020-03-09,CH,Switzerland
23,-7.832167832167826,2020-03-10,CH,Switzerland
24,-6.713286713286706,2020-03-11,CH,Switzerland
25,-9.510489510489506,2020-03-12,CH,Switzerland
26,-11.188811188811187,2020-03-13,CH,Switzerland
27,-21.25874125874126,2020-03-14,CH,Switzerland
28,-24.615384615384613,2020-03-15,CH,Switzerland
29,-17.9020979020979,2020-03-16,CH,Switzerland
30,-42.51748251748252,2020-03-17,CH,Switzerland
31,-58.74125874125874,2020-03-18,CH,Switzerland
32,-62.65734265734265,2020-03-19,CH,Switzerland
33,-64.8951048951049,2020-03-20,CH,Switzerland
34,-72.16783216783217,2020-03-21,CH,Switzerland
35,-77.76223776223776,2020-03-22,CH,Switzerland
36,-68.25174825174825,2020-03-23,CH,Switzerland
37,-66.57342657342657,2020-03-24,CH,Switzerland
38,-67.6923076923077,2020-03-25,CH,Switzerland
39,-68.25174825174825,2020-03-26,CH,Switzerland
40,-67.6923076923077,2020-03-27,CH,Switzerland
41,-69.37062937062937,2020-03-28,CH,Switzerland
42,-74.96503496503496,2020-03-29,CH,Switzerland
0,-1.9649122807017534,2020-02-16,TH,Thailand
1,-1.9649122807017534,2020-02-17,TH,Thailand
2,-2.526315789473685,2020-02-18,TH,Thailand
3,-2.526315789473685,2020-02-19,TH,Thailand
4,-2.526315789473685,2020-02-20,TH,Thailand
5,-2.526315789473685,2020-02-21,TH,Thailand
6,-3.0877192982456165,2020-02-22,TH,Thailand
7,-3.0877192982456165,2020-02-23,TH,Thailand
8,-1.9649122807017534,2020-02-24,TH,Thailand
9,-0.8421052631578902,2020-02-25,TH,Thailand
10,-1.9649122807017534,2020-02-26,TH,Thailand
11,-1.9649122807017534,2020-02-27,TH,Thailand
12,-0.2807017543859587,2020-02-28,TH,Thailand
13,0.2807017543859587,2020-02-29,TH,Thailand
14,0.8421052631578902,2020-03-01,TH,Thailand
15,1.4035087719298218,2020-03-02,TH,Thailand
16,0.2807017543859587,2020-03-03,TH,Thailand
17,-0.2807017543859587,2020-03-04,TH,Thailand
18,-1.9649122807017534,2020-03-05,TH,Thailand
19,-3.649122807017548,2020-03-06,TH,Thailand
20,-5.333333333333329,2020-03-07,TH,Thailand
21,-5.333333333333329,2020-03-08,TH,Thailand
22,-2.526315789473685,2020-03-09,TH,Thailand
23,-1.9649122807017534,2020-03-10,TH,Thailand
24,-2.526315789473685,2020-03-11,TH,Thailand
25,-4.21052631578948,2020-03-12,TH,Thailand
26,-6.456140350877192,2020-03-13,TH,Thailand
27,-9.263157894736835,2020-03-14,TH,Thailand
28,-12.070175438596493,2020-03-15,TH,Thailand
29,-7.017543859649123,2020-03-16,TH,Thailand
30,-7.578947368421055,2020-03-17,TH,Thailand
31,-10.385964912280699,2020-03-18,TH,Thailand
32,-13.754385964912274,2020-03-19,TH,Thailand
33,-17.684210526315788,2020-03-20,TH,Thailand
34,-21.6140350877193,2020-03-21,TH,Thailand
35,-30.035087719298247,2020-03-22,TH,Thailand
36,-31.719298245614034,2020-03-23,TH,Thailand
37,-32.280701754385966,2020-03-24,TH,Thailand
38,-33.96491228070175,2020-03-25,TH,Thailand
39,-38.45614035087719,2020-03-26,TH,Thailand
40,-44.07017543859649,2020-03-27,TH,Thailand
41,-47.43859649122807,2020-03-28,TH,Thailand
42,-51.64912280701754,2020-03-29,TH,Thailand
0,7.2222222222222285,2020-02-16,TR,Turkey
1,6.111111111111114,2020-02-17,TR,Turkey
2,3.3333333333333286,2020-02-18,TR,Turkey
3,0.5555555555555571,2020-02-19,TR,Turkey
4,-1.6666666666666714,2020-02-20,TR,Turkey
5,0.0,2020-02-21,TR,Turkey
6,5.555555555555557,2020-02-22,TR,Turkey
7,6.111111111111114,2020-02-23,TR,Turkey
8,4.444444444444443,2020-02-24,TR,Turkey
9,3.8888888888888857,2020-02-25,TR,Turkey
10,1.1111111111111143,2020-02-26,TR,Turkey
11,-1.1111111111111143,2020-02-27,TR,Turkey
12,-2.2222222222222285,2020-02-28,TR,Turkey
13,2.7777777777777715,2020-02-29,TR,Turkey
14,9.444444444444443,2020-03-01,TR,Turkey
15,7.7777777777777715,2020-03-02,TR,Turkey
16,6.666666666666671,2020-03-03,TR,Turkey
17,3.8888888888888857,2020-03-04,TR,Turkey
18,5.0,2020-03-05,TR,Turkey
19,8.888888888888886,2020-03-06,TR,Turkey
20,15.555555555555557,2020-03-07,TR,Turkey
21,18.33333333333333,2020-03-08,TR,Turkey
22,9.444444444444443,2020-03-09,TR,Turkey
23,3.8888888888888857,2020-03-10,TR,Turkey
24,5.0,2020-03-11,TR,Turkey
25,6.666666666666671,2020-03-12,TR,Turkey
26,0.0,2020-03-13,TR,Turkey
27,-5.0,2020-03-14,TR,Turkey
28,-12.222222222222229,2020-03-15,TR,Turkey
29,-11.666666666666671,2020-03-16,TR,Turkey
30,-21.666666666666664,2020-03-17,TR,Turkey
31,-32.77777777777778,2020-03-18,TR,Turkey
32,-37.77777777777778,2020-03-19,TR,Turkey
33,-42.22222222222222,2020-03-20,TR,Turkey
34,-47.77777777777778,2020-03-21,TR,Turkey
35,-57.22222222222222,2020-03-22,TR,Turkey
36,-50.55555555555556,2020-03-23,TR,Turkey
37,-53.33333333333333,2020-03-24,TR,Turkey
38,-55.55555555555556,2020-03-25,TR,Turkey
39,-55.0,2020-03-26,TR,Turkey
40,-56.111111111111114,2020-03-27,TR,Turkey
41,-61.111111111111114,2020-03-28,TR,Turkey
42,-68.33333333333333,2020-03-29,TR,Turkey
0,7.552447552447546,2020-02-16,GB,United Kingdom
1,8.951048951048946,2020-02-17,GB,United Kingdom
2,7.272727272727266,2020-02-18,GB,United Kingdom
3,6.15384615384616,2020-02-19,GB,United Kingdom
4,6.15384615384616,2020-02-20,GB,United Kingdom
5,2.23776223776224,2020-02-21,GB,United Kingdom
6,-0.55944055944056,2020-02-22,GB,United Kingdom
7,-0.55944055944056,2020-02-23,GB,United Kingdom
8,-0.55944055944056,2020-02-24,GB,United Kingdom
9,1.11888111888112,2020-02-25,GB,United Kingdom
10,2.7972027972028,2020-02-26,GB,United Kingdom
11,2.7972027972028,2020-02-27,GB,United Kingdom
12,2.23776223776224,2020-02-28,GB,United Kingdom
13,5.03496503496504,2020-02-29,GB,United Kingdom
14,7.272727272727266,2020-03-01,GB,United Kingdom
15,5.03496503496504,2020-03-02,GB,United Kingdom
16,3.35664335664336,2020-03-03,GB,United Kingdom
17,2.7972027972028,2020-03-04,GB,United Kingdom
18,2.23776223776224,2020-03-05,GB,United Kingdom
19,5.03496503496504,2020-03-06,GB,United Kingdom
20,2.23776223776224,2020-03-07,GB,United Kingdom
21,4.47552447552448,2020-03-08,GB,United Kingdom
22,1.11888111888112,2020-03-09,GB,United Kingdom
23,0.0,2020-03-10,GB,United Kingdom
24,1.11888111888112,2020-03-11,GB,United Kingdom
25,0.0,2020-03-12,GB,United Kingdom
26,-0.55944055944056,2020-03-13,GB,United Kingdom
27,-7.832167832167826,2020-03-14,GB,United Kingdom
28,-8.951048951048946,2020-03-15,GB,United Kingdom
29,-2.7972027972028,2020-03-16,GB,United Kingdom
30,-11.748251748251747,2020-03-17,GB,United Kingdom
31,-18.46153846153846,2020-03-18,GB,United Kingdom
32,-20.13986013986014,2020-03-19,GB,United Kingdom
33,-25.174825174825173,2020-03-20,GB,United Kingdom
34,-41.3986013986014,2020-03-21,GB,United Kingdom
35,-51.46853146853147,2020-03-22,GB,United Kingdom
36,-45.31468531468531,2020-03-23,GB,United Kingdom
37,-58.74125874125874,2020-03-24,GB,United Kingdom
38,-70.4895104895105,2020-03-25,GB,United Kingdom
39,-72.16783216783217,2020-03-26,GB,United Kingdom
40,-73.28671328671328,2020-03-27,GB,United Kingdom
41,-76.08391608391608,2020-03-28,GB,United Kingdom
42,-80.0,2020-03-29,GB,United Kingdom
0,7.832167832167826,2020-02-16,SI,Slovenia
1,3.9160839160839203,2020-02-17,SI,Slovenia
2,5.5944055944056,2020-02-18,SI,Slovenia
3,5.03496503496504,2020-02-19,SI,Slovenia
4,3.9160839160839203,2020-02-20,SI,Slovenia
5,5.5944055944056,2020-02-21,SI,Slovenia
6,9.510489510489506,2020-02-22,SI,Slovenia
7,8.391608391608386,2020-02-23,SI,Slovenia
8,2.7972027972028,2020-02-24,SI,Slovenia
9,-0.55944055944056,2020-02-25,SI,Slovenia
10,-6.15384615384616,2020-02-26,SI,Slovenia
11,0.0,2020-02-27,SI,Slovenia
12,0.55944055944056,2020-02-28,SI,Slovenia
13,0.0,2020-02-29,SI,Slovenia
14,-7.832167832167826,2020-03-01,SI,Slovenia
15,0.0,2020-03-02,SI,Slovenia
16,-0.55944055944056,2020-03-03,SI,Slovenia
17,1.11888111888112,2020-03-04,SI,Slovenia
18,1.67832167832168,2020-03-05,SI,Slovenia
19,-1.67832167832168,2020-03-06,SI,Slovenia
20,5.5944055944056,2020-03-07,SI,Slovenia
21,15.664335664335667,2020-03-08,SI,Slovenia
22,0.55944055944056,2020-03-09,SI,Slovenia
23,-2.23776223776224,2020-03-10,SI,Slovenia
24,-2.7972027972028,2020-03-11,SI,Slovenia
25,-5.03496503496504,2020-03-12,SI,Slovenia
26,-21.25874125874126,2020-03-13,SI,Slovenia
27,-41.3986013986014,2020-03-14,SI,Slovenia
28,-55.94405594405595,2020-03-15,SI,Slovenia
29,-63.77622377622377,2020-03-16,SI,Slovenia
30,-69.37062937062937,2020-03-17,SI,Slovenia
31,-71.60839160839161,2020-03-18,SI,Slovenia
32,-72.16783216783217,2020-03-19,SI,Slovenia
33,-73.28671328671328,2020-03-20,SI,Slovenia
34,-76.64335664335664,2020-03-21,SI,Slovenia
35,-80.0,2020-03-22,SI,Slovenia
36,-72.72727272727273,2020-03-23,SI,Slovenia
37,-74.4055944055944,2020-03-24,SI,Slovenia
38,-76.64335664335664,2020-03-25,SI,Slovenia
39,-77.2027972027972,2020-03-26,SI,Slovenia
40,-76.08391608391608,2020-03-27,SI,Slovenia
41,-74.96503496503496,2020-03-28,SI,Slovenia
42,-74.96503496503496,2020-03-29,SI,Slovenia
0,1.9649122807017534,2020-02-16,IN,India
1,1.4035087719298218,2020-02-17,IN,India
2,1.4035087719298218,2020-02-18,IN,India
3,1.9649122807017534,2020-02-19,IN,India
4,0.2807017543859587,2020-02-20,IN,India
5,-1.4035087719298218,2020-02-21,IN,India
6,-0.8421052631578902,2020-02-22,IN,India
7,-0.2807017543859587,2020-02-23,IN,India
8,0.2807017543859587,2020-02-24,IN,India
9,0.8421052631578902,2020-02-25,IN,India
10,1.4035087719298218,2020-02-26,IN,India
11,0.8421052631578902,2020-02-27,IN,India
12,1.4035087719298218,2020-02-28,IN,India
13,0.2807017543859587,2020-02-29,IN,India
14,1.9649122807017534,2020-03-01,IN,India
15,0.8421052631578902,2020-03-02,IN,India
16,0.8421052631578902,2020-03-03,IN,India
17,1.4035087719298218,2020-03-04,IN,India
18,0.8421052631578902,2020-03-05,IN,India
19,0.2807017543859587,2020-03-06,IN,India
20,1.9649122807017534,2020-03-07,IN,India
21,3.0877192982456165,2020-03-08,IN,India
22,0.2807017543859587,2020-03-09,IN,India
23,-11.508771929824562,2020-03-10,IN,India
24,-3.649122807017548,2020-03-11,IN,India
25,-2.526315789473685,2020-03-12,IN,India
26,-3.649122807017548,2020-03-13,IN,India
27,-8.701754385964918,2020-03-14,IN,India
28,-9.263157894736835,2020-03-15,IN,India
29,-7.017543859649123,2020-03-16,IN,India
30,-8.701754385964918,2020-03-17,IN,India
31,-10.385964912280699,2020-03-18,IN,India
32,-13.192982456140356,2020-03-19,IN,India
33,-18.80701754385965,2020-03-20,IN,India
34,-28.35087719298246,2020-03-21,IN,India
35,-59.228070175438596,2020-03-22,IN,India
36,-54.17543859649123,2020-03-23,IN,India
37,-60.35087719298245,2020-03-24,IN,India
38,-71.57894736842105,2020-03-25,IN,India
39,-74.94736842105263,2020-03-26,IN,India
40,-74.94736842105263,2020-03-27,IN,India
41,-75.50877192982456,2020-03-28,IN,India
42,-75.50877192982456,2020-03-29,IN,India
0,-1.9649122807017534,2020-02-16,ID,Indonesia
1,-1.9649122807017534,2020-02-17,ID,Indonesia
2,-1.9649122807017534,2020-02-18,ID,Indonesia
3,-0.8421052631578902,2020-02-19,ID,Indonesia
4,-0.2807017543859587,2020-02-20,ID,Indonesia
5,0.2807017543859587,2020-02-21,ID,Indonesia
6,0.2807017543859587,2020-02-22,ID,Indonesia
7,-0.8421052631578902,2020-02-23,ID,Indonesia
8,-1.9649122807017534,2020-02-24,ID,Indonesia
9,-2.526315789473685,2020-02-25,ID,Indonesia
10,0.2807017543859587,2020-02-26,ID,Indonesia
11,1.9649122807017534,2020-02-27,ID,Indonesia
12,2.526315789473685,2020-02-28,ID,Indonesia
13,3.0877192982456165,2020-02-29,ID,Indonesia
14,3.649122807017548,2020-03-01,ID,Indonesia
15,5.89473684210526,2020-03-02,ID,Indonesia
16,3.649122807017548,2020-03-03,ID,Indonesia
17,2.526315789473685,2020-03-04,ID,Indonesia
18,4.771929824561397,2020-03-05,ID,Indonesia
19,3.649122807017548,2020-03-06,ID,Indonesia
20,4.21052631578948,2020-03-07,ID,Indonesia
21,3.0877192982456165,2020-03-08,ID,Indonesia
22,3.649122807017548,2020-03-09,ID,Indonesia
23,4.771929824561397,2020-03-10,ID,Indonesia
24,4.771929824561397,2020-03-11,ID,Indonesia
25,3.649122807017548,2020-03-12,ID,Indonesia
26,3.649122807017548,2020-03-13,ID,Indonesia
27,-0.2807017543859587,2020-03-14,ID,Indonesia
28,-5.333333333333329,2020-03-15,ID,Indonesia
29,-5.333333333333329,2020-03-16,ID,Indonesia
30,-7.017543859649123,2020-03-17,ID,Indonesia
31,-8.701754385964918,2020-03-18,ID,Indonesia
32,-13.192982456140356,2020-03-19,ID,Indonesia
33,-17.122807017543863,2020-03-20,ID,Indonesia
34,-19.929824561403507,2020-03-21,ID,Indonesia
35,-27.789473684210527,2020-03-22,ID,Indonesia
36,-26.10526315789474,2020-03-23,ID,Indonesia
37,-27.228070175438596,2020-03-24,ID,Indonesia
38,-33.40350877192982,2020-03-25,ID,Indonesia
39,-33.40350877192982,2020-03-26,ID,Indonesia
40,-33.40350877192982,2020-03-27,ID,Indonesia
41,-37.333333333333336,2020-03-28,ID,Indonesia
42,-42.94736842105263,2020-03-29,ID,Indonesia
0,12.631578947368425,2020-02-16,IQ,Iraq
1,14.877192982456137,2020-02-17,IQ,Iraq
2,14.315789473684205,2020-02-18,IQ,Iraq
3,10.94736842105263,2020-02-19,IQ,Iraq
4,13.192982456140356,2020-02-20,IQ,Iraq
5,14.315789473684205,2020-02-21,IQ,Iraq
6,12.070175438596493,2020-02-22,IQ,Iraq
7,11.508771929824562,2020-02-23,IQ,Iraq
8,8.140350877192986,2020-02-24,IQ,Iraq
9,5.333333333333329,2020-02-25,IQ,Iraq
10,8.701754385964918,2020-02-26,IQ,Iraq
11,7.578947368421055,2020-02-27,IQ,Iraq
12,9.824561403508767,2020-02-28,IQ,Iraq
13,12.070175438596493,2020-02-29,IQ,Iraq
14,9.263157894736835,2020-03-01,IQ,Iraq
15,10.94736842105263,2020-03-02,IQ,Iraq
16,12.631578947368425,2020-03-03,IQ,Iraq
17,11.508771929824562,2020-03-04,IQ,Iraq
18,1.4035087719298218,2020-03-05,IQ,Iraq
19,0.2807017543859587,2020-03-06,IQ,Iraq
20,4.21052631578948,2020-03-07,IQ,Iraq
21,4.771929824561397,2020-03-08,IQ,Iraq
22,0.8421052631578902,2020-03-09,IQ,Iraq
23,-0.2807017543859587,2020-03-10,IQ,Iraq
24,-3.649122807017548,2020-03-11,IQ,Iraq
25,-12.070175438596493,2020-03-12,IQ,Iraq
26,-18.80701754385965,2020-03-13,IQ,Iraq
27,-24.421052631578945,2020-03-14,IQ,Iraq
28,-23.29824561403509,2020-03-15,IQ,Iraq
29,-27.228070175438596,2020-03-16,IQ,Iraq
30,-30.596491228070178,2020-03-17,IQ,Iraq
31,-49.12280701754386,2020-03-18,IQ,Iraq
32,-59.228070175438596,2020-03-19,IQ,Iraq
33,-61.473684210526315,2020-03-20,IQ,Iraq
34,-64.84210526315789,2020-03-21,IQ,Iraq
35,-63.719298245614034,2020-03-22,IQ,Iraq
36,-64.28070175438597,2020-03-23,IQ,Iraq
37,-64.28070175438597,2020-03-24,IQ,Iraq
38,-64.84210526315789,2020-03-25,IQ,Iraq
39,-66.52631578947368,2020-03-26,IQ,Iraq
40,-66.52631578947368,2020-03-27,IQ,Iraq
41,-65.96491228070175,2020-03-28,IQ,Iraq
42,-63.719298245614034,2020-03-29,IQ,Iraq
0,5.333333333333329,2020-02-16,IE,Ireland
1,8.140350877192986,2020-02-17,IE,Ireland
2,5.333333333333329,2020-02-18,IE,Ireland
3,7.017543859649123,2020-02-19,IE,Ireland
4,7.017543859649123,2020-02-20,IE,Ireland
5,1.4035087719298218,2020-02-21,IE,Ireland
6,-0.8421052631578902,2020-02-22,IE,Ireland
7,0.2807017543859587,2020-02-23,IE,Ireland
8,0.8421052631578902,2020-02-24,IE,Ireland
9,-0.2807017543859587,2020-02-25,IE,Ireland
10,1.9649122807017534,2020-02-26,IE,Ireland
11,4.771929824561397,2020-02-27,IE,Ireland
12,1.4035087719298218,2020-02-28,IE,Ireland
13,-4.21052631578948,2020-02-29,IE,Ireland
14,4.21052631578948,2020-03-01,IE,Ireland
15,6.456140350877192,2020-03-02,IE,Ireland
16,8.701754385964918,2020-03-03,IE,Ireland
17,5.89473684210526,2020-03-04,IE,Ireland
18,5.89473684210526,2020-03-05,IE,Ireland
19,4.21052631578948,2020-03-06,IE,Ireland
20,-0.2807017543859587,2020-03-07,IE,Ireland
21,0.8421052631578902,2020-03-08,IE,Ireland
22,-0.2807017543859587,2020-03-09,IE,Ireland
23,3.0877192982456165,2020-03-10,IE,Ireland
24,-0.8421052631578902,2020-03-11,IE,Ireland
25,-1.4035087719298218,2020-03-12,IE,Ireland
26,-14.877192982456137,2020-03-13,IE,Ireland
27,-28.35087719298246,2020-03-14,IE,Ireland
28,-32.280701754385966,2020-03-15,IE,Ireland
29,-25.54385964912281,2020-03-16,IE,Ireland
30,-48.56140350877193,2020-03-17,IE,Ireland
31,-45.19298245614035,2020-03-18,IE,Ireland
32,-45.75438596491228,2020-03-19,IE,Ireland
33,-49.684210526315795,2020-03-20,IE,Ireland
34,-55.29824561403509,2020-03-21,IE,Ireland
35,-56.98245614035088,2020-03-22,IE,Ireland
36,-48.56140350877193,2020-03-23,IE,Ireland
37,-48.56140350877193,2020-03-24,IE,Ireland
38,-54.73684210526316,2020-03-25,IE,Ireland
39,-58.66666666666667,2020-03-26,IE,Ireland
40,-60.35087719298245,2020-03-27,IE,Ireland
41,-69.33333333333333,2020-03-28,IE,Ireland
42,-80.0,2020-03-29,IE,Ireland
0,4.21052631578948,2020-02-16,IL,Israel
1,3.649122807017548,2020-02-17,IL,Israel
2,0.8421052631578902,2020-02-18,IL,Israel
3,1.4035087719298218,2020-02-19,IL,Israel
4,5.333333333333329,2020-02-20,IL,Israel
5,3.649122807017548,2020-02-21,IL,Israel
6,0.8421052631578902,2020-02-22,IL,Israel
7,1.9649122807017534,2020-02-23,IL,Israel
8,1.9649122807017534,2020-02-24,IL,Israel
9,4.21052631578948,2020-02-25,IL,Israel
10,5.333333333333329,2020-02-26,IL,Israel
11,6.456140350877192,2020-02-27,IL,Israel
12,7.017543859649123,2020-02-28,IL,Israel
13,4.21052631578948,2020-02-29,IL,Israel
14,18.245614035087726,2020-03-01,IL,Israel
15,28.912280701754383,2020-03-02,IL,Israel
16,4.21052631578948,2020-03-03,IL,Israel
17,4.771929824561397,2020-03-04,IL,Israel
18,1.4035087719298218,2020-03-05,IL,Israel
19,-0.8421052631578902,2020-03-06,IL,Israel
20,4.771929824561397,2020-03-07,IL,Israel
21,8.140350877192986,2020-03-08,IL,Israel
22,2.526315789473685,2020-03-09,IL,Israel
23,0.8421052631578902,2020-03-10,IL,Israel
24,-1.9649122807017534,2020-03-11,IL,Israel
25,-17.122807017543863,2020-03-12,IL,Israel
26,-25.54385964912281,2020-03-13,IL,Israel
27,-31.719298245614034,2020-03-14,IL,Israel
28,-32.8421052631579,2020-03-15,IL,Israel
29,-37.333333333333336,2020-03-16,IL,Israel
30,-49.12280701754386,2020-03-17,IL,Israel
31,-55.859649122807014,2020-03-18,IL,Israel
32,-59.78947368421053,2020-03-19,IL,Israel
33,-65.40350877192982,2020-03-20,IL,Israel
34,-72.70175438596492,2020-03-21,IL,Israel
35,-60.91228070175438,2020-03-22,IL,Israel
36,-59.228070175438596,2020-03-23,IL,Israel
37,-59.78947368421053,2020-03-24,IL,Israel
38,-60.91228070175438,2020-03-25,IL,Israel
39,-68.21052631578948,2020-03-26,IL,Israel
40,-73.26315789473685,2020-03-27,IL,Israel
41,-74.3859649122807,2020-03-28,IL,Israel
42,-69.89473684210526,2020-03-29,IL,Israel
0,2.526315789473685,2020-02-16,IT,Italy
1,2.526315789473685,2020-02-17,IT,Italy
2,3.0877192982456165,2020-02-18,IT,Italy
3,2.526315789473685,2020-02-19,IT,Italy
4,3.0877192982456165,2020-02-20,IT,Italy
5,1.9649122807017534,2020-02-21,IT,Italy
6,-1.4035087719298218,2020-02-22,IT,Italy
7,-3.0877192982456165,2020-02-23,IT,Italy
8,-3.0877192982456165,2020-02-24,IT,Italy
9,-6.456140350877192,2020-02-25,IT,Italy
10,-10.385964912280699,2020-02-26,IT,Italy
11,-7.578947368421055,2020-02-27,IT,Italy
12,-7.017543859649123,2020-02-28,IT,Italy
13,-9.824561403508767,2020-02-29,IT,Italy
14,-14.877192982456137,2020-03-01,IT,Italy
15,-9.824561403508767,2020-03-02,IT,Italy
16,-5.333333333333329,2020-03-03,IT,Italy
17,-6.456140350877192,2020-03-04,IT,Italy
18,-10.94736842105263,2020-03-05,IT,Italy
19,-13.754385964912274,2020-03-06,IT,Italy
20,-18.24561403508772,2020-03-07,IT,Italy
21,-28.912280701754383,2020-03-08,IT,Italy
22,-28.912280701754383,2020-03-09,IT,Italy
23,-40.70175438596491,2020-03-10,IT,Italy
24,-49.684210526315795,2020-03-11,IT,Italy
25,-65.96491228070175,2020-03-12,IT,Italy
26,-72.70175438596492,2020-03-13,IT,Italy
27,-80.0,2020-03-14,IT,Italy
28,-80.0,2020-03-15,IT,Italy
29,-73.82456140350877,2020-03-16,IT,Italy
30,-74.94736842105263,2020-03-17,IT,Italy
31,-76.63157894736842,2020-03-18,IT,Italy
32,-77.19298245614036,2020-03-19,IT,Italy
33,-77.75438596491227,2020-03-20,IT,Italy
34,-80.0,2020-03-21,IT,Italy
35,-80.0,2020-03-22,IT,Italy
36,-80.0,2020-03-23,IT,Italy
37,-78.87719298245614,2020-03-24,IT,Italy
38,-80.0,2020-03-25,IT,Italy
39,-80.0,2020-03-26,IT,Italy
40,-80.0,2020-03-27,IT,Italy
41,-80.0,2020-03-28,IT,Italy
42,-80.0,2020-03-29,IT,Italy
