,TSNE_1,TSNE_2,ClusterName
0,13.562033,54.175446,SCGLU5
1,43.89414,-2.6943495,SCGLU5
2,34.802143,-22.183123,SCGLU5
3,37.84793,-1.5850248,SCGLU5
4,34.61272,-3.6022925,SCGLU5
5,27.287718,-11.370359,SCGLU5
6,27.736633,-6.5048876,SCGLU5
7,7.151854,11.9457,SCGLU5
8,38.15799,-12.340816,SCGLU5
9,38.907032,-9.501408,SCGLU5
10,30.60839,-24.060629,SCGLU5
11,41.16081,-1.9676335,SCGLU5
12,13.719569,50.615818,SCGLU5
13,37.37322,-9.896551,SCGLU5
14,38.227707,0.1615653,SCGLU5
15,13.008311,52.206226,SCGLU5
16,35.942265,-2.1730561,SCGLU5
17,10.027318,6.924704,SCGLU5
18,36.465504,-6.662285,SCGLU5
19,14.2723465,51.18671,SCGLU5
20,33.635967,-6.8942885,SCGLU5
21,33.895306,-3.678052,SCGLU5
22,34.32877,-25.35049,SCGLU5
23,29.810585,-10.9548645,SCGLU5
24,36.224266,-0.8350017,SCGLU5
25,28.212448,-14.048852,SCGLU5
26,27.867031,-8.736765,SCGLU5
27,34.573254,-2.9001606,SCGLU5
28,37.481518,-12.170735,SCGLU5
29,37.15612,-5.2868195,SCGLU5
30,28.577238,-10.209985,SCGLU5
31,41.974033,-11.074671,SCGLU5
32,12.728292,53.09952,SCGLU5
33,11.843217,52.12135,SCGLU5
34,33.47915,-0.433933,SCGLU5
35,42.252747,-0.18212493,SCGLU5
36,32.705517,-7.827733,SCGLU5
37,12.50729,54.405273,SCGLU5
38,29.065777,-11.107417,SCGLU5
39,11.649501,53.19393,SCGLU5
40,37.075127,-3.8367095,SCGLU5
41,-4.5943875,25.521313,SCGLU5
42,33.24378,-5.0751743,SCGLU5
43,15.37986,51.813248,SCGLU5
44,12.953312,53.368706,SCGLU5
45,28.091242,-9.31157,SCGLU5
46,13.90666,54.050137,SCGLU5
47,12.2996235,50.12016,SCGLU5
48,12.867144,53.912872,SCGLU5
49,37.69102,-4.709675,SCGLU5
50,13.9958935,50.49285,SCGLU5
51,12.986504,51.479404,SCGLU5
52,27.444426,-6.770242,SCGLU5
53,41.103252,0.012400462,SCGLU5
54,36.0228,-4.3078074,SCGLU5
55,36.28956,-0.63445175,SCGLU5
56,36.780228,-2.693217,SCGLU5
57,-0.62435263,47.96681,SCGLU5
58,30.902473,-4.117598,SCGLU5
59,39.934486,1.073833,SCGLU5
60,-30.84938,14.721324,SCGLU5
61,11.488587,49.457436,SCGLU5
62,31.912544,-7.527184,SCGLU5
63,35.53268,-2.9958928,SCGLU5
64,41.79369,-15.284587,SCGLU5
65,37.6205,-5.98843,SCGLU5
66,38.084095,-21.39436,SCGLU5
67,34.539017,-1.956518,SCGLU5
68,41.29045,-0.027619107,SCGLU5
69,11.941576,51.947063,SCGLU5
70,36.001663,-25.836557,SCGLU5
71,33.6086,-5.781668,SCGLU5
72,35.595062,-5.4339714,SCGLU5
73,34.068844,-6.627521,SCGLU5
74,29.778023,-11.391868,SCGLU5
75,40.828976,-7.3675547,SCGLU5
76,39.333607,-14.767116,SCGLU5
77,35.445827,-24.730711,SCGLU5
78,38.19439,-25.10397,SCGLU5
79,46.201973,-8.440858,SCGLU5
80,40.300938,-15.964334,SCGLU5
81,42.77115,-18.280031,SCGLU5
82,42.28746,-9.500795,SCGLU5
83,40.717007,-11.613806,SCGLU5
84,39.497482,-6.31334,SCGLU5
85,42.25245,-17.004547,SCGLU5
86,38.96475,-7.9849386,SCGLU5
87,37.334576,-23.72637,SCGLU5
88,43.954823,-21.619543,SCGLU5
89,35.075447,-20.614027,SCGLU5
90,36.124493,-21.667528,SCGLU5
91,42.733055,-5.9596963,SCGLU5
92,36.17423,-7.128475,SCGLU5
93,36.433716,-24.987139,SCGLU5
94,45.091896,-4.162382,SCGLU5
95,34.927086,-5.3606033,SCGLU5
96,14.131929,52.510452,SCGLU5
97,40.73244,-16.875292,SCGLU5
98,43.14102,-15.429182,SCGLU5
99,40.83249,-22.555117,SCGLU5
100,38.716442,-8.056177,SCGLU5
101,38.369007,-17.40609,SCGLU5
102,35.46593,-13.392987,SCGLU5
103,43.37535,-8.475927,SCGLU5
104,39.06719,-13.613479,SCGLU5
105,42.27657,-21.272268,SCGLU5
106,41.101162,-7.651023,SCGLU5
107,35.35861,-20.111563,SCGLU5
108,41.330887,-19.923727,SCGLU5
109,45.965336,-8.060224,SCGLU5
110,37.199833,-22.649632,SCGLU5
111,37.298004,-14.021678,SCGLU5
112,38.14103,-20.932941,SCGLU5
113,42.161797,-13.450681,SCGLU5
114,36.738056,-24.78397,SCGLU5
115,41.433872,-24.01499,SCGLU5
116,36.59849,-23.476254,SCGLU5
117,40.90432,-5.153236,SCGLU5
118,40.234417,-19.116375,SCGLU5
119,40.247902,-17.799755,SCGLU5
120,39.15325,-21.495308,SCGLU5
121,40.58098,-18.108036,SCGLU5
122,37.870934,-23.143137,SCGLU5
123,41.885677,-20.83284,SCGLU5
124,46.092747,-8.6839485,SCGLU5
125,44.62483,-1.4470936,SCGLU5
126,39.22282,-1.683567,SCGLU5
127,34.89131,-4.068269,SCGLU5
128,34.42718,-13.906086,SCGLU5
129,42.799892,-16.616352,SCGLU5
130,39.159794,-10.833648,SCGLU5
131,37.18672,-23.054502,SCGLU5
132,39.902042,-12.815771,SCGLU5
133,39.34526,-23.285397,SCGLU5
134,40.855354,-18.633558,SCGLU5
135,42.35426,-19.786879,SCGLU5
136,42.546177,-22.276161,SCGLU5
137,37.337246,-24.777197,SCGLU5
138,43.235317,-1.681394,SCGLU5
139,45.41039,-12.581156,SCGLU5
140,36.955208,-8.891213,SCGLU5
141,37.30606,-16.361797,SCGLU5
142,26.928524,-5.9014883,SCGLU5
143,33.977444,-4.5169687,SCGLU5
144,44.098003,-17.800837,SCGLU5
145,41.129066,-5.5175114,SCGLU5
146,40.921425,-10.933838,SCGLU5
147,39.62723,-17.383678,SCGLU5
148,34.92505,1.8628978,SCGLU5
149,42.016266,-6.274604,SCGLU5
150,42.87296,-8.312723,SCGLU5
151,45.06032,-8.006387,SCGLU5
152,37.97061,-10.619234,SCGLU5
153,-31.857496,15.213896,SCGLU5
154,38.991817,-21.973799,SCGLU5
155,41.106705,-12.546045,SCGLU5
156,41.241447,-17.483807,SCGLU5
157,36.88125,-11.235931,SCGLU5
158,31.567974,-24.199144,SCGLU5
159,44.07904,-1.9351859,SCGLU5
160,43.1445,-5.359779,SCGLU5
161,36.503155,-25.294052,SCGLU5
162,42.653873,-9.041728,SCGLU5
163,38.018425,-17.167923,SCGLU5
164,40.679905,-15.725157,SCGLU5
165,34.754074,-13.957696,SCGLU5
166,40.25115,-13.980239,SCGLU5
167,39.228516,-18.47408,SCGLU5
168,35.914307,-25.268175,SCGLU5
169,43.624527,-15.39911,SCGLU5
170,34.18932,-25.560995,SCGLU5
171,37.366684,-2.7340677,SCGLU5
172,42.185135,-18.87822,SCGLU5
173,31.356125,-9.765593,SCGLU5
174,45.41744,-1.9283966,SCGLU5
175,37.475983,-1.3391719,SCGLU5
176,42.323822,-12.881506,SCGLU5
177,34.75178,-23.901157,SCGLU5
178,29.535048,-10.2634735,SCGLU5
179,34.507942,-25.17091,SCGLU5
180,13.844969,53.583534,SCGLU5
181,30.360441,-10.276692,SCGLU5
182,12.724063,51.672283,SCGLU5
183,36.945694,-6.392097,SCGLU5
184,28.67511,-10.541271,SCGLU5
185,12.290027,49.907856,SCGLU5
186,37.78752,-23.194733,SCGLU5
187,40.403564,-4.5018086,SCGLU5
188,42.92688,-3.466512,SCGLU5
189,27.677158,-8.144751,SCGLU5
190,39.046703,-4.0313163,SCGLU5
191,33.79129,-5.0629306,SCGLU5
192,13.783024,49.846603,SCGLU5
193,44.055748,-2.2496355,SCGLU5
194,39.98235,1.0819325,SCGLU5
195,13.503202,50.450104,SCGLU5
196,34.778706,-24.492622,SCGLU5
197,40.171894,-1.464611,SCGLU5
198,14.731007,53.448807,SCGLU5
199,39.468525,-15.653541,SCGLU5
200,14.600724,50.86893,SCGLU5
201,39.1474,-1.0888482,SCGLU5
202,-4.282187,-22.607008,SCGLU5
203,42.60109,-19.87299,SCGLU5
204,38.735394,-23.060478,SCGLU5
205,14.515862,53.14855,SCGLU5
206,33.84897,-0.9119946,SCGLU5
207,14.173425,52.45696,SCGLU5
208,37.523586,-8.056884,SCGLU5
209,9.280045,9.375239,SCGLU5
210,40.08491,-1.7018485,SCGLU5
211,44.575302,-3.7171218,SCGLU5
212,41.3979,-14.722251,SCGLU5
213,44.213505,-2.5055754,SCGLU5
214,40.839436,-7.1373005,SCGLU5
215,41.35016,-20.849659,SCGLU5
216,40.940163,-15.974877,SCGLU5
217,39.238144,-0.8222081,SCGLU5
218,-12.232643,22.411386,SCGLU5
219,44.066025,-21.407602,SCGLU5
220,41.14326,-22.400652,SCGLU5
221,12.820401,7.5335674,SCGLU5
222,30.78204,-3.8969696,SCGLU5
223,43.75851,-3.7092547,SCGLU5
224,36.67242,-22.35376,SCGLU5
225,40.85673,-11.927585,SCGLU5
226,40.65274,-3.5245605,SCGLU5
227,40.130947,-8.640951,SCGLU5
228,45.396263,-12.556115,SCGLU5
229,40.566334,-20.024843,SCGLU5
230,39.9401,-22.579687,SCGLU5
231,39.405483,-19.847406,SCGLU5
232,40.21622,-21.32699,SCGLU5
233,42.137756,-18.041018,SCGLU5
234,37.645332,-22.120415,SCGLU5
235,35.942326,10.001087,SCGLU5
236,42.40887,-15.207129,SCGLU5
237,44.044235,-8.033788,SCGLU5
238,46.900856,-1.8744085,SCGLU5
239,44.25996,-20.565228,SCGLU5
240,41.986153,-1.8467613,SCGLU5
241,35.100765,-9.102259,SCGLU5
242,42.064053,-23.236563,SCGLU5
243,41.30492,-5.59988,SCGLU5
244,36.678944,-2.9222991,SCGLU5
245,42.901062,-11.33035,SCGLU5
246,40.633728,-21.054768,SCGLU5
247,37.055183,-21.990963,SCGLU5
248,37.99269,-18.597626,SCGLU5
249,38.199764,-11.58034,SCGLU5
250,42.83143,-2.8846462,SCGLU5
251,37.252377,-20.184935,SCGLU5
252,66.168655,0.71536744,SCGLU6
253,70.29731,-11.145305,SCGLU6
254,-7.901958,-19.786983,SCGLU6
255,69.97373,1.1053066,SCGLU6
256,8.882718,51.706276,SCGLU6
257,67.12984,-0.95822746,SCGLU6
258,70.512794,0.88135695,SCGLU6
259,68.21815,-5.6656046,SCGLU6
260,71.11672,2.2918534,SCGLU6
261,69.8204,2.7588232,SCGLU6
262,63.520554,-2.9147325,SCGLU6
263,69.91184,-4.4318495,SCGLU6
264,70.5051,-8.68175,SCGLU6
265,60.745537,-1.5545353,SCGLU6
266,68.4151,-0.9954956,SCGLU6
267,66.96951,-4.1892767,SCGLU6
268,72.52322,-3.765445,SCGLU6
269,62.651054,0.2563309,SCGLU6
270,66.63385,-3.1200476,SCGLU6
271,72.43424,-10.21148,SCGLU6
272,68.69771,1.4748337,SCGLU6
273,71.54502,-11.30254,SCGLU6
274,64.25649,-2.0638852,SCGLU6
275,66.4942,-3.348252,SCGLU6
276,67.62049,1.4747423,SCGLU6
277,70.93127,-9.16928,SCGLU6
278,71.06661,-10.195126,SCGLU6
279,13.368052,51.552475,SCGLU6
280,70.76725,-7.9983735,SCGLU6
281,70.81144,3.0927155,SCGLU6
282,9.700165,53.535076,SCGLU6
283,11.233362,53.65934,SCGLU6
284,71.548965,2.6289654,SCGLU6
285,66.21286,-1.4005371,SCGLU6
286,70.49141,-2.2715652,SCGLU6
287,68.751015,0.3519519,SCGLU6
288,70.99792,-11.024281,SCGLU6
289,68.10841,2.9803565,SCGLU6
290,7.1539326,50.030777,SCGLU6
291,65.16084,-0.585109,SCGLU6
292,65.958206,-2.5733848,SCGLU6
293,66.49115,-0.630329,SCGLU6
294,71.473625,-7.804299,SCGLU6
295,66.83439,3.872121,SCGLU6
296,69.21697,-2.4589593,SCGLU6
297,9.0071535,50.899742,SCGLU6
298,71.62159,0.6024358,SCGLU6
299,69.93129,-8.450838,SCGLU6
300,65.689186,-1.80731,SCGLU6
301,66.83062,1.7260008,SCGLU6
302,68.85152,-0.7127542,SCGLU6
303,66.57982,2.3489892,SCGLU6
304,62.15874,2.8116562,SCGLU6
305,-11.045155,21.441069,SCGLU6
306,70.84283,-6.217688,SCGLU6
307,72.255455,3.2752812,SCGLU6
308,67.65974,-3.1406488,SCGLU6
309,64.87356,-1.3324353,SCGLU6
310,64.30916,-3.3380265,SCGLU6
311,68.52654,1.046106,SCGLU6
312,70.38484,-1.0022343,SCGLU6
313,65.2944,-2.2221122,SCGLU6
314,67.01128,1.5845245,SCGLU6
315,68.62818,-2.3926225,SCGLU6
316,67.29153,-1.1915578,SCGLU6
317,70.35336,-10.201762,SCGLU6
318,71.74017,-0.93679166,SCGLU6
319,68.9083,-10.770909,SCGLU6
320,70.787964,0.14014862,SCGLU6
321,0.05183778,-16.771122,SCGLU6
322,-28.026333,-20.077868,SCGLU6
323,69.92577,-6.880025,SCGLU6
324,-8.704725,-13.59432,SCGLU6
325,69.08634,2.9148355,SCGLU6
326,8.545934,49.36407,SCGLU6
327,65.49,1.0022364,SCGLU6
328,-0.49564362,-16.134956,SCGLU6
329,64.26391,2.362552,SCGLU6
330,8.114191,53.1092,SCGLU6
331,72.215164,-11.466741,SCGLU6
332,67.874115,-2.8770454,SCGLU6
333,70.60673,3.5513208,SCGLU6
334,70.31319,-7.7490034,SCGLU6
335,71.50109,-0.04516715,SCGLU6
336,66.724655,0.45338908,SCGLU6
337,66.714226,-4.587173,SCGLU6
338,70.91035,-2.705727,SCGLU6
339,62.533695,-2.337845,SCGLU6
340,62.383415,-0.7720129,SCGLU6
341,-9.182378,-21.791643,SCGLU6
342,67.440346,1.0611372,SCGLU6
343,-6.135644,-10.39741,SCGLU6
344,61.843014,0.44850686,SCGLU6
345,71.247665,-9.820655,SCGLU6
346,70.15971,-9.398964,SCGLU6
347,72.31104,-8.6402235,SCGLU6
348,62.51354,0.56501853,SCGLU6
349,73.2629,-0.8826038,SCGLU6
350,65.91224,-1.1169193,SCGLU6
351,8.639386,52.767204,SCGLU6
352,8.936577,49.926933,SCGLU6
353,63.451645,-1.592139,SCGLU6
354,63.16714,-3.866636,SCGLU6
355,69.674164,-9.160819,SCGLU6
356,46.601078,-8.156528,SCGLU6
357,67.262726,3.7738202,SCGLU6
358,69.1804,-3.822031,SCGLU6
359,72.86279,-11.084132,SCGLU6
360,68.91263,-0.2462346,SCGLU6
361,71.45847,-8.831696,SCGLU6
362,-1.9762005,-15.002211,SCGLU6
363,62.492294,2.5924797,SCGLU6
364,66.565056,4.9021,SCGLU6
365,68.88696,4.706015,SCGLU6
366,63.90515,-1.1587542,SCGLU6
367,67.62079,0.4975181,SCGLU6
368,-58.627045,-6.9547386,SCGLU6
369,67.69729,3.5609014,SCGLU6
370,9.985845,52.30061,SCGLU6
371,68.37504,-10.605688,SCGLU6
372,68.6703,2.198703,SCGLU6
373,63.67502,-0.26126254,SCGLU6
374,67.266624,-4.7007475,SCGLU6
375,-1.6815625,-14.957225,SCGLU6
376,65.73966,-3.872241,SCGLU6
377,71.385544,1.577391,SCGLU6
378,69.84793,-10.616707,SCGLU6
379,65.17195,-0.15855473,SCGLU6
380,17.593533,48.588524,SCGLU6
381,71.02612,-10.574905,SCGLU6
382,63.35178,1.2478783,SCGLU6
383,68.714,-8.953428,SCGLU6
384,65.84543,2.656643,SCGLU6
385,66.16212,-2.4097097,SCGLU6
386,69.68642,3.071637,SCGLU6
387,9.154261,53.31108,SCGLU6
388,70.964615,-7.228471,SCGLU6
389,68.78729,-3.0947058,SCGLU6
390,67.16037,-2.8366427,SCGLU6
391,69.15444,-9.920617,SCGLU6
392,3.9430685,-26.14598,SCGLU2
393,-22.057613,-16.532148,SCGLU2
394,-3.6968954,-10.437138,SCGLU2
395,-8.00444,-31.520409,SCGLU2
396,-6.0797777,-35.5842,SCGLU2
397,-1.7035496,-26.614239,SCGLU2
398,-2.2013135,-9.964788,SCGLU2
399,-21.37067,-11.280681,SCGLU2
400,5.23233,-26.42365,SCGLU2
401,-5.784641,-32.439476,SCGLU2
402,5.189189,-21.58574,SCGLU2
403,5.0355124,-25.87175,SCGLU2
404,1.9773968,-22.79567,SCGLU2
405,7.677564,-23.8115,SCGLU2
406,3.6809795,-33.265575,SCGLU2
407,0.36634153,-25.121712,SCGLU2
408,-2.2670834,-22.853058,SCGLU2
409,-12.759165,10.630024,SCGLU2
410,4.5335784,38.85644,SCGLU2
411,1.9687059,-27.07436,SCGLU2
412,6.346925,38.466587,SCGLU2
413,8.009492,-24.813265,SCGLU2
414,9.236301,-31.628454,SCGLU2
415,3.5602152,-28.35056,SCGLU2
416,5.346488,-29.145689,SCGLU2
417,-3.7713618,-29.187065,SCGLU2
418,2.534191,-24.35738,SCGLU2
419,-0.39641753,-28.048239,SCGLU2
420,4.2213078,-32.50953,SCGLU2
421,1.3414451,-25.806898,SCGLU2
422,4.6749263,-21.822603,SCGLU2
423,-10.92054,23.437307,SCGLU2
424,3.3412778,-14.7787285,SCGLU2
425,2.9690602,-27.417059,SCGLU2
426,3.0311232,-24.078205,SCGLU2
427,-1.3578633,1.7366434,SCGLU2
428,-2.4796443,-1.6447175,SCGLU2
429,4.712868,-26.488308,SCGLU2
430,8.966445,49.93675,SCGLU2
431,0.16829117,-10.61693,SCGLU2
432,-9.70996,-33.284824,SCGLU2
433,-6.125968,-12.780637,SCGLU2
434,-3.642217,-29.078835,SCGLU2
435,4.145098,-24.368814,SCGLU2
436,3.623814,-25.45767,SCGLU2
437,-2.283241,-28.162563,SCGLU2
438,1.0840026,-20.469427,SCGLU2
439,3.5526574,35.350704,SCGLU2
440,7.588517,-24.29481,SCGLU2
441,-5.3365183,0.58665663,SCGLU2
442,-2.9217992,-3.1006532,SCGLU2
443,4.8424225,-23.769228,SCGLU2
444,-8.405009,-34.76792,SCGLU2
445,7.3576035,42.135395,SCGLU2
446,4.9748883,-24.501451,SCGLU2
447,-12.385643,-38.172855,SCGLU2
448,6.9328737,42.275562,SCGLU2
449,-8.644392,-36.158005,SCGLU2
450,1.6894401,-12.721109,SCGLU2
451,-1.2113506,-20.482946,SCGLU2
452,7.952077,39.412518,SCGLU2
453,-1.8635712,-8.482279,SCGLU2
454,-6.7757897,-15.453956,SCGLU2
455,9.866297,-28.897692,SCGLU2
456,6.4375043,43.610306,SCGLU2
457,-6.818744,-31.080828,SCGLU2
458,3.4861364,-26.064463,SCGLU2
459,8.035053,-30.450714,SCGLU2
460,-7.6690936,-33.31592,SCGLU2
461,-4.7111673,-9.319256,SCGLU2
462,6.0957994,39.401447,SCGLU2
463,-9.516655,-33.103134,SCGLU2
464,-3.3772013,-10.824142,SCGLU2
465,-0.06416374,1.0923276,SCGLU2
466,1.9251645,-22.69061,SCGLU2
467,7.5468473,39.31643,SCGLU2
468,5.404925,-22.78683,SCGLU2
469,-4.3028946,-14.458037,SCGLU2
470,-0.8224469,-8.756064,SCGLU2
471,-1.1753776,-20.47298,SCGLU2
472,-3.2339382,-18.857388,SCGLU2
473,2.5459182,40.17615,SCGLU2
474,3.2231061,-10.079037,SCGLU2
475,-6.2197046,-10.799584,SCGLU2
476,3.66764,-28.31044,SCGLU2
477,2.6823814,-28.765,SCGLU2
478,12.695208,-34.390747,SCGLU2
479,5.014546,-21.346264,SCGLU2
480,-2.5792093,-28.936417,SCGLU2
481,6.8328886,40.783314,SCGLU2
482,7.812067,-23.057379,SCGLU2
483,6.396512,43.180817,SCGLU2
484,4.76595,-28.609415,SCGLU2
485,-2.913591,-13.093184,SCGLU2
486,1.4068921,-25.606688,SCGLU2
487,-23.000637,-16.61952,SCGLU2
488,0.048699725,-28.182901,SCGLU2
489,-2.7436678,-1.3870913,SCGLU2
490,-3.4850137,-16.60963,SCGLU2
491,6.1646476,-21.036383,SCGLU2
492,-7.6808524,-13.059702,SCGLU2
493,-2.565402,-26.248188,SCGLU2
494,6.1925325,39.49482,SCGLU2
495,-0.22779794,1.0492945,SCGLU2
496,0.34647804,-27.211222,SCGLU2
497,-4.250761,-5.09837,SCGLU2
498,5.3069077,50.74559,SCGLU2
499,-22.909292,-16.570946,SCGLU2
500,-0.42030844,-6.832778,SCGLU2
501,0.057649527,-18.352028,SCGLU2
502,-6.7993097,-15.857771,SCGLU2
503,1.8133497,45.272015,SCGLU2
504,-8.731047,-32.727833,SCGLU2
505,-21.217281,-9.594035,SCGLU2
506,-3.7872708,-6.535427,SCGLU2
507,-10.033077,-36.650906,SCGLU2
508,4.8651857,-28.838646,SCGLU2
509,4.6356506,-27.800653,SCGLU2
510,-5.8062196,-30.067041,SCGLU2
511,5.265616,40.081882,SCGLU2
512,-1.7474647,-10.167302,SCGLU2
513,2.6290617,-9.965222,SCGLU2
514,5.7709036,45.15746,SCGLU2
515,-7.267528,-35.175735,SCGLU2
516,-5.2854667,-29.775957,SCGLU2
517,-7.2885146,19.008024,SCGLU2
518,-7.5677485,-34.604412,SCGLU2
519,4.974511,41.200047,SCGLU2
520,-8.050208,-32.003044,SCGLU2
521,7.143029,41.919975,SCGLU2
522,-1.416969,-9.080403,SCGLU2
523,-3.099693,-13.615258,SCGLU2
524,7.888898,41.323193,SCGLU2
525,1.9124634,-32.66966,SCGLU3
526,-0.24002177,-26.838156,SCGLU3
527,-10.600131,-37.47034,SCGLU3
528,-4.9985013,-35.57241,SCGLU3
529,-0.9974534,-34.302315,SCGLU3
530,6.837392,-30.509027,SCGLU3
531,-3.1139958,-36.116863,SCGLU3
532,10.80382,-31.296814,SCGLU3
533,35.949528,-16.074299,SCGLU3
534,-1.4563893,-26.688663,SCGLU3
535,-6.3358483,-37.81458,SCGLU3
536,-7.261248,-19.611023,SCGLU3
537,-3.7343655,-35.662807,SCGLU3
538,-2.7295883,-35.707397,SCGLU3
539,1.0600084,-20.578846,SCGLU3
540,9.29897,-31.17325,SCGLU3
541,-5.4378386,-22.711473,SCGLU3
542,-20.285456,-20.353209,SCGLU3
543,-8.927309,-23.804735,SCGLU3
544,-9.100497,-24.243412,SCGLU3
545,-10.685493,-24.740099,SCGLU3
546,-8.259837,-19.800417,SCGLU3
547,-9.028969,-18.692225,SCGLU3
548,-0.498658,-16.477184,SCGLU3
549,-17.61511,-21.152718,SCGLU3
550,-1.6559571,-17.688396,SCGLU3
551,-5.8663626,-18.75761,SCGLU3
552,0.8003463,-11.892597,SCGLU3
553,-3.2718277,-33.972973,SCGLU3
554,-20.346064,-20.518135,SCGLU3
555,-4.35411,-33.40615,SCGLU3
556,-3.509859,-15.314121,SCGLU3
557,-29.733582,-20.39822,SCGLU3
558,-12.359887,-38.163918,SCGLU3
559,-20.272074,-20.490097,SCGLU3
560,7.0260644,-27.40418,SCGLU3
561,-0.3967656,-4.2021728,SCGLU3
562,-6.8971834,-19.438879,SCGLU3
563,-2.0251882,-22.945631,SCGLU3
564,-1.818828,-31.120998,SCGLU3
565,-3.2780776,-19.18475,SCGLU3
566,-9.241667,-21.76573,SCGLU3
567,10.692085,-30.970898,SCGLU3
568,-10.162295,-20.30934,SCGLU3
569,-17.93021,-21.11284,SCGLU3
570,4.0173373,-29.406233,SCGLU3
571,-8.062749,-10.469672,SCGLU3
572,-9.136789,-24.169313,SCGLU3
573,-5.944725,-38.791306,SCGLU3
574,-12.457036,-40.39729,SCGLU3
575,-8.720161,23.057362,SCGLU3
576,2.4717035,-31.612583,SCGLU3
577,-13.564251,-11.03338,SCGLU3
578,-5.5558305,-32.602703,SCGLU3
579,-12.319602,-38.493587,SCGLU3
580,-5.0931463,-22.705528,SCGLU3
581,-0.012917493,-10.816268,SCGLU3
582,-6.752294,-34.080784,SCGLU3
583,-31.308146,15.789433,SCGLU3
584,2.1826954,-29.93067,SCGLU3
585,2.0220723,-25.480425,SCGLU3
586,4.069573,-27.003439,SCGLU3
587,7.8197074,-40.00278,SCGLU4
588,-9.546318,-43.216396,SCGLU4
589,-4.14431,-40.508747,SCGLU4
590,10.69422,-37.48791,SCGLU4
591,-4.315506,-41.981968,SCGLU4
592,-0.6085517,-29.844385,SCGLU4
593,2.5904276,-35.434742,SCGLU4
594,-8.437219,-41.814533,SCGLU4
595,36.23971,-11.178717,SCGLU4
596,-9.722005,-42.60141,SCGLU4
597,-0.89262414,-41.099613,SCGLU4
598,1.4512494,-39.38095,SCGLU4
599,41.47061,-9.080369,SCGLU4
600,-8.204912,-29.119915,SCGLU4
601,1.9199955,-36.88845,SCGLU4
602,-1.9256672,-31.217752,SCGLU4
603,4.136222,-39.058834,SCGLU4
604,5.4210086,-36.506966,SCGLU4
605,8.422537,-41.781105,SCGLU4
606,7.647238,-34.47244,SCGLU4
607,-11.250287,-42.341183,SCGLU4
608,11.034394,-31.022085,SCGLU4
609,-8.45149,-25.004684,SCGLU4
610,8.134074,-39.92848,SCGLU4
611,-0.8098532,-34.804512,SCGLU4
612,6.080583,-34.688595,SCGLU4
613,-4.0193105,-44.460987,SCGLU4
614,5.9233418,-40.69229,SCGLU4
615,8.247526,45.791103,SCGLU4
616,6.739927,-36.205505,SCGLU4
617,-5.382457,-42.272224,SCGLU4
618,13.649092,-35.704918,SCGLU4
619,-4.13238,-42.102478,SCGLU4
620,-8.671469,-45.957844,SCGLU4
621,-5.926457,-39.707634,SCGLU4
622,-7.414544,-39.398724,SCGLU4
623,3.8919978,-35.848717,SCGLU4
624,5.139683,-43.407127,SCGLU4
625,-8.764537,-44.107246,SCGLU4
626,6.3734207,-40.253387,SCGLU4
627,-11.449986,-42.29456,SCGLU4
628,11.237784,-31.950193,SCGLU4
629,9.505725,-32.759617,SCGLU4
630,11.188688,-37.03979,SCGLU4
631,1.3354313,-37.000153,SCGLU4
632,-1.1689513,-34.071575,SCGLU4
633,-12.751796,-39.264725,SCGLU4
634,-2.7963393,-33.438858,SCGLU4
635,3.523695,-43.062214,SCGLU4
636,30.683086,-24.091743,SCGLU4
637,4.7191496,-42.884872,SCGLU4
638,0.21136574,-28.698265,SCGLU4
639,4.413219,-30.213232,SCGLU4
640,14.642341,-33.560764,SCGLU4
641,-7.5341763,-44.819084,SCGLU4
642,-6.214243,-38.101414,SCGLU4
643,6.7958136,-41.55879,SCGLU4
644,12.306086,-31.014463,SCGLU4
645,8.625532,-38.553276,SCGLU4
646,10.170344,-36.915775,SCGLU4
647,6.036009,-39.166023,SCGLU4
648,7.9415627,-27.013334,SCGLU4
649,8.581452,-38.780884,SCGLU4
650,-7.103595,-40.995922,SCGLU4
651,-7.1515636,-42.79652,SCGLU4
652,11.714569,-29.268303,SCGLU4
653,9.574103,44.988865,SCGLU4
654,2.8002388,-27.159,SCGLU4
655,-5.023816,-38.932472,SCGLU4
656,10.757781,-38.799355,SCGLU4
657,-9.018834,-39.652958,SCGLU4
658,3.4276423,-36.688896,SCGLU4
659,3.5032,-41.089466,SCGLU4
660,-0.2903516,-35.011795,SCGLU4
661,9.60724,44.584297,SCGLU4
662,-0.264179,-44.318626,SCGLU4
663,10.18093,-36.009308,SCGLU4
664,4.5569444,-32.8883,SCGLU4
665,10.234073,45.57035,SCGLU4
666,9.398714,-39.81229,SCGLU4
667,6.23663,-36.828926,SCGLU4
668,8.224598,-41.24309,SCGLU4
669,-5.709393,-42.278187,SCGLU4
670,5.136419,-41.378605,SCGLU4
671,5.859621,-41.693817,SCGLU4
672,-9.20237,-37.753944,SCGLU4
673,-8.368382,-38.09931,SCGLU4
674,-11.059516,-38.766457,SCGLU4
675,7.0408726,-39.42156,SCGLU4
676,-9.053197,-40.00827,SCGLU4
677,7.138441,-38.562424,SCGLU4
678,3.4465654,-40.923004,SCGLU4
679,9.284085,-35.027805,SCGLU4
680,15.268126,-39.683037,SCGLU4
681,4.7596645,-30.948715,SCGLU4
682,-10.33616,-40.6965,SCGLU4
683,-8.753342,-41.8976,SCGLU4
684,39.34305,-10.732159,SCGLU4
685,11.447218,-33.926647,SCGLU4
686,4.6832986,-35.22498,SCGLU4
687,-9.411993,-41.41846,SCGLU4
688,-6.920157,-41.84911,SCGLU4
689,-2.8360803,-40.396973,SCGLU4
690,-1.8036883,-36.3811,SCGLU4
691,-2.5573785,-43.34492,SCGLU4
692,-10.919755,-44.02425,SCGLU4
693,6.4302425,-33.507195,SCGLU4
694,14.633609,-35.655586,SCGLU4
695,4.1598425,-36.645622,SCGLU4
696,10.448144,-36.775013,SCGLU4
697,-7.2019615,-44.426575,SCGLU4
698,4.726276,-38.295197,SCGLU4
699,6.2801075,-35.21345,SCGLU4
700,40.50686,-9.488425,SCGLU4
701,0.40562475,-44.255142,SCGLU4
702,36.620953,-18.472734,SCGLU4
703,5.9695554,-35.38794,SCGLU4
704,-8.217345,-36.34663,SCGLU4
705,12.141572,-36.84257,SCGLU4
706,11.256083,-32.744244,SCGLU4
707,-13.381558,-8.411604,SCGLU4
708,-5.5192795,-35.808994,SCGLU4
709,6.2792983,-25.98686,SCGLU4
710,-8.684232,-45.11695,SCGLU4
711,-7.4891763,-43.280544,SCGLU4
712,3.4875245,-38.1584,SCGLU4
713,-1.6600848,-44.735775,SCGLU4
714,5.093883,-37.57775,SCGLU4
715,32.056274,-11.81363,SCGLU4
716,13.888624,-35.711037,SCGLU4
717,12.697853,-36.27006,SCGLU4
718,10.533786,44.544395,SCGLU4
719,6.81141,-32.33187,SCGLU4
720,5.017225,-42.478184,SCGLU4
721,7.3676014,-35.24772,SCGLU4
722,-6.44461,-42.435143,SCGLU4
723,3.8951302,-36.444363,SCGLU4
724,4.5053186,-39.39776,SCGLU4
725,6.7844205,-33.23031,SCGLU4
726,-9.933721,-43.492603,SCGLU4
727,8.666838,-42.537167,SCGLU4
728,-6.129027,-41.48762,SCGLU4
729,7.5172176,-36.71262,SCGLU4
730,8.823608,-40.76984,SCGLU4
731,6.8771496,-35.42638,SCGLU4
732,11.52563,-35.68348,SCGLU4
733,15.475562,-39.774837,SCGLU4
734,-8.479921,-42.791718,SCGLU4
735,6.824857,-38.658066,SCGLU4
736,-10.146851,-38.35132,SCGLU4
737,-10.671435,-39.609413,SCGLU4
738,-9.583367,-40.80644,SCGLU4
739,10.49397,-34.24463,SCGLU4
740,40.006783,-10.52696,SCGLU4
741,10.447401,-40.777317,SCGLU4
742,10.3944645,-36.028214,SCGLU4
743,36.631935,-18.138792,SCGLU4
744,9.50449,-38.542988,SCGLU4
745,6.6133723,-32.590252,SCGLU4
746,2.6718242,-38.87163,SCGLU4
747,16.673508,-31.04595,SCGLU4
748,8.49713,-36.069057,SCGLU4
749,5.332597,-34.598656,SCGLU4
750,-10.056903,-41.27339,SCGLU4
751,-9.329286,-43.8392,SCGLU4
752,-10.100475,-42.22099,SCGLU4
753,8.540278,-37.26615,SCGLU4
754,-7.789932,-40.17739,SCGLU4
755,6.20828,-36.404232,SCGLU4
756,1.3539449,-41.924576,SCGLU4
757,4.961582,-31.738464,SCGLU4
758,3.4376466,-35.25666,SCGLU4
759,0.29080555,-37.77437,SCGLU4
760,-11.221922,-42.39028,SCGLU4
761,3.1920185,-37.73252,SCGLU4
762,5.93653,-40.732903,SCGLU4
763,8.741709,-37.160397,SCGLU4
764,-9.329228,-40.505535,SCGLU4
765,4.465052,-34.489426,SCGLU4
766,-10.518073,-37.048286,SCGLU4
767,-18.32477,-6.4552693,SCGLU1
768,-8.554398,20.704477,SCGLU1
769,3.8797722,-14.891337,SCGLU1
770,-19.289974,-9.491448,SCGLU1
771,-21.75634,-11.626039,SCGLU1
772,-0.5381863,-25.640999,SCGLU1
773,-4.807928,-11.529753,SCGLU1
774,7.6383843,44.523956,SCGLU1
775,-4.5028977,-12.4863,SCGLU1
776,-4.0711427,-15.308032,SCGLU1
777,-4.5198517,-11.578407,SCGLU1
778,-2.832499,-10.851024,SCGLU1
779,-1.162582,-12.976766,SCGLU1
780,-2.1089768,-24.786247,SCGLU1
781,-3.6783864,-23.475805,SCGLU1
782,-13.672803,-10.707738,SCGLU1
783,1.1889247,-19.288746,SCGLU1
784,0.5899851,-8.248939,SCGLU1
785,-19.236034,-9.444252,SCGLU1
786,4.9101315,41.41057,SCGLU1
787,-1.5239195,-11.236511,SCGLU1
788,-1.2367601,-12.6235485,SCGLU1
789,-7.1243615,-9.366283,SCGLU1
790,-6.9734654,-9.984167,SCGLU1
791,-5.9790645,2.6431668,SCGLU1
792,0.042843815,-22.489218,SCGLU1
793,-21.817125,-13.880691,SCGLU1
794,-5.8499026,-13.271544,SCGLU1
795,-1.8328271,-2.3014505,SCGLU1
796,-2.8777213,-12.769646,SCGLU1
797,-3.0059538,-22.448217,SCGLU1
798,3.2180545,41.83374,SCGLU1
799,5.3258867,41.95448,SCGLU1
800,-9.2867365,21.212831,SCGLU1
801,-1.3420726,20.602531,SCGLU1
802,-18.209814,-8.63978,SCGLU1
803,-1.2957225,4.125897,SCGLU1
804,3.348881,37.11652,SCGLU1
805,-4.0367885,-2.7201626,SCGLU1
806,-11.645709,-11.324188,SCGLU1
807,1.9631828,-2.2483203,SCGLU1
808,-3.1232667,-20.574615,SCGLU1
809,-4.4008102,19.689713,SCGLU1
810,-8.865662,-30.972965,SCGLU1
811,-18.138435,-7.0353665,SCGLU1
812,-4.8366113,-4.1352196,SCGLU1
813,-3.021497,-20.434996,SCGLU1
814,-7.4175115,-12.266758,SCGLU1
815,-0.22132981,14.412318,SCGLU1
816,-1.6930668,15.964853,SCGLU1
817,-8.791862,20.490536,SCGLU1
818,-3.7681534,-22.862673,SCGLU1
819,5.661871,17.937689,SCGLU10
820,6.4306936,16.256147,SCGLU10
821,4.003903,16.341019,SCGLU10
822,3.7840693,17.956354,SCGLU10
823,8.359967,16.751823,SCGLU10
824,8.116032,14.392706,SCGLU10
825,7.5578337,16.195843,SCGLU10
826,12.581036,9.735914,SCGLU10
827,11.73128,9.139658,SCGLU10
828,-1.1834146,20.666285,SCGLU10
829,9.838,17.339918,SCGLU10
830,8.856488,14.83623,SCGLU10
831,13.879041,7.802101,SCGLU10
832,9.3538265,-17.21571,SCGLU10
833,14.827192,7.445943,SCGLU10
834,4.798487,16.217394,SCGLU10
835,12.857852,8.756876,SCGLU10
836,11.829217,11.959824,SCGLU10
837,-8.909485,19.81132,SCGLU10
838,6.0062985,45.198227,SCGLU10
839,7.683043,16.570805,SCGLU10
840,14.600957,11.281315,SCGLU10
841,11.822237,12.240199,SCGLU10
842,29.619747,-11.663699,SCGLU10
843,38.25647,3.8556478,SCGLU10
844,13.131447,9.994484,SCGLU10
845,7.0865045,16.343248,SCGLU10
846,12.649619,11.424074,SCGLU10
847,10.224769,9.470273,SCGLU10
848,7.9961047,13.221991,SCGLU10
849,4.4672136,16.23894,SCGLU10
850,6.7929935,14.414605,SCGLU10
851,7.487561,14.59277,SCGLU10
852,3.58694,16.006105,SCGLU10
853,5.466016,16.185886,SCGLU10
854,14.54314,9.565571,SCGLU10
855,10.858929,10.680856,SCGLU10
856,9.01367,17.81916,SCGLU10
857,22.750744,21.682364,SCGLU10
858,6.8367343,17.683123,SCGLU10
859,4.4539876,15.383953,SCGLU10
860,31.912897,16.311058,SCGLU10
861,26.692476,-5.1253257,SCGLU10
862,12.911261,8.577539,SCGLU10
863,10.858414,12.518613,SCGLU10
864,5.4150605,15.041076,SCGLU10
865,7.7983522,15.987127,SCGLU10
866,4.0166707,15.706436,SCGLU10
867,2.4603438,39.35821,SCGLU10
868,5.8469863,15.689122,SCGLU10
869,6.6173196,15.15492,SCGLU10
870,5.2845016,17.77983,SCGLU10
871,23.052952,31.000854,SCGLU10
872,10.532053,9.775845,SCGLU10
873,5.576668,16.33233,SCGLU10
874,16.651201,7.4438586,SCGLU10
875,6.7414355,12.606057,SCGLU10
876,31.79319,16.728127,SCGLU10
877,13.341226,8.147343,SCGLU10
878,12.137209,10.340751,SCGLU10
879,11.610882,50.30032,SCGLU10
880,9.632305,13.209168,SCGLU10
881,11.337047,10.382092,SCGLU10
882,8.664794,16.07326,SCGLU10
883,3.8792133,13.771526,SCGLU10
884,13.309417,10.438012,SCGLU10
885,8.250908,17.89296,SCGLU10
886,30.20563,14.839238,SCGLU10
887,-24.84742,42.445137,HBGLU10
888,-28.896326,39.908188,HBGLU10
889,3.4526901,18.361717,HBGLU10
890,-26.05293,42.07834,HBGLU10
891,-19.510176,38.132885,HBGLU10
892,-20.509802,38.145317,HBGLU10
893,-33.555225,30.065851,HBGLU10
894,-20.293903,40.962868,HBGLU10
895,-14.028081,38.106106,HBGLU10
896,-22.112394,41.096207,HBGLU10
897,-26.277407,41.48033,HBGLU10
898,-25.881638,42.875443,HBGLU10
899,-20.990917,34.366734,HBGLU10
900,-21.556208,40.767166,HBGLU10
901,-23.260496,40.72412,HBGLU10
902,-18.784872,37.412697,HBGLU10
903,-25.380491,41.712246,HBGLU10
904,-25.707907,42.42656,HBGLU10
905,-22.98524,42.898247,HBGLU10
906,-15.642577,39.307686,HBGLU10
907,-3.9279015,19.386963,HBGLU10
908,-17.342554,40.44214,HBGLU10
909,-28.19284,38.473694,HBGLU10
910,-26.431911,41.009388,HBGLU10
911,-3.5440748,19.791191,HBGLU10
912,-17.669079,38.423805,HBGLU10
913,-25.9346,41.603245,HBGLU10
914,-17.776897,40.84228,HBGLU10
915,-16.015955,41.74942,HBGLU10
916,-17.30744,39.594784,HBGLU10
917,-21.80483,40.380886,HBGLU10
918,-16.963617,37.2544,HBGLU10
919,1.4302523,15.212408,HBGLU10
920,-24.439217,40.94743,HBGLU10
921,-24.374798,43.056522,HBGLU10
922,-22.54444,40.462784,HBGLU10
923,-17.333504,39.71173,HBGLU10
924,-22.495861,40.471516,HBGLU10
925,-29.36381,39.680412,HBGLU10
926,-28.296522,40.47444,HBGLU10
927,-17.998552,33.47204,HBGLU10
928,-20.248178,39.078743,HBGLU10
929,-18.308163,41.545357,HBGLU10
930,-18.221556,34.458683,HBGLU10
931,-17.824413,32.66718,HBGLU10
932,-4.6183414,25.470562,HBGLU10
933,-19.561567,39.442745,HBGLU10
934,-16.729311,41.700516,HBGLU10
935,-14.043444,38.037247,HBGLU10
936,-19.373745,43.651417,HBGLU10
937,-0.15568793,19.60322,HBGLU10
938,-18.566244,38.002323,HBGLU10
939,-17.924612,37.46254,HBGLU10
940,-17.780907,38.570694,HBGLU10
941,-17.300966,40.766197,HBGLU10
942,-28.685602,40.54959,HBGLU10
943,-24.213974,41.78442,HBGLU10
944,-24.189327,42.2973,HBGLU10
945,-23.520287,42.89644,HBGLU10
946,-15.970082,40.620564,HBGLU10
947,-17.18654,41.789974,HBGLU10
948,-26.71782,42.373917,HBGLU10
949,-18.952734,43.48122,HBGLU10
950,-23.325779,41.62891,HBGLU10
951,-23.01758,39.89933,HBGLU10
952,-23.444235,42.21575,HBGLU10
953,-22.248207,42.336334,HBGLU10
954,-18.05448,35.61807,HBGLU10
955,-18.767523,40.714806,HBGLU10
956,-18.138828,33.879414,HBGLU10
957,-16.322777,36.95216,HBGLU10
958,-17.231457,42.70032,HBGLU10
959,-18.286268,34.878574,HBGLU10
960,-22.86389,42.065395,HBGLU10
961,-17.6792,41.746277,HBGLU10
962,-18.44759,40.197224,HBGLU10
963,-20.48213,40.438618,HBGLU10
964,-19.88173,37.389893,HBGLU10
965,-18.073298,33.200157,HBGLU10
966,-19.8255,39.67084,HBGLU10
967,16.706678,7.557927,SCGLU9
968,25.999407,20.842257,SCGLU9
969,9.018125,19.205446,SCGLU9
970,24.766846,23.241098,SCGLU9
971,27.170128,28.17319,SCGLU9
972,25.505323,20.020905,SCGLU9
973,28.71777,26.280386,SCGLU9
974,26.360151,21.3064,SCGLU9
975,32.792095,21.018446,SCGLU9
976,32.88029,24.638046,SCGLU9
977,38.788677,21.87334,SCGLU9
978,22.734385,24.272558,SCGLU9
979,33.157482,27.428713,SCGLU9
980,27.471825,28.386175,SCGLU9
981,30.385502,25.52846,SCGLU9
982,32.11059,26.312822,SCGLU9
983,26.185888,30.380249,SCGLU9
984,28.976372,16.945927,SCGLU9
985,33.498623,22.317106,SCGLU9
986,25.136879,21.574001,SCGLU9
987,30.589731,29.364752,SCGLU9
988,31.89709,22.535103,SCGLU9
989,23.613533,24.335718,SCGLU9
990,40.637337,23.454197,SCGLU9
991,11.30109,50.67071,SCGLU9
992,36.384205,18.124573,SCGLU9
993,35.019993,23.257591,SCGLU9
994,39.88398,23.588003,SCGLU9
995,31.358305,27.029629,SCGLU9
996,26.190622,19.47903,SCGLU9
997,33.467583,26.158888,SCGLU9
998,24.978273,27.061014,SCGLU9
999,28.377748,29.228498,SCGLU9
1000,29.467638,25.452177,SCGLU9
1001,32.353592,27.00804,SCGLU9
1002,24.381796,30.524446,SCGLU9
1003,38.955605,23.476025,SCGLU9
1004,37.091522,20.432995,SCGLU9
1005,11.187182,47.783623,SCGLU9
1006,39.112682,19.968012,SCGLU9
1007,32.31587,19.337294,SCGLU9
1008,12.568302,47.53655,SCGLU9
1009,25.233376,24.851446,SCGLU9
1010,32.379467,27.596607,SCGLU9
1011,34.697968,23.246067,SCGLU9
1012,38.756924,19.768353,SCGLU9
1013,26.081736,30.210464,SCGLU9
1014,28.131931,28.844296,SCGLU9
1015,30.8444,20.74687,SCGLU9
1016,38.26067,24.672256,SCGLU9
1017,27.8613,20.928993,SCGLU9
1018,26.896055,25.44751,SCGLU9
1019,37.458607,21.605291,SCGLU9
1020,26.911816,23.674408,SCGLU9
1021,20.902643,27.148008,SCGLU9
1022,34.7318,20.810053,SCGLU9
1023,35.51954,19.156918,SCGLU9
1024,23.984766,28.340624,SCGLU9
1025,40.210644,23.340574,SCGLU9
1026,29.059448,16.634369,SCGLU9
1027,37.250534,23.023973,SCGLU9
1028,37.44549,22.263884,SCGLU9
1029,22.957125,23.96198,SCGLU9
1030,33.950882,18.089027,SCGLU9
1031,30.434381,27.538239,SCGLU9
1032,23.496485,30.140232,SCGLU9
1033,23.864077,26.714012,SCGLU9
1034,30.8889,27.025404,SCGLU9
1035,34.365334,24.848421,SCGLU9
1036,24.597815,25.689325,SCGLU9
1037,24.78949,24.867554,SCGLU9
1038,37.878967,22.29159,SCGLU9
1039,37.489117,20.893677,SCGLU9
1040,37.886356,19.500082,SCGLU9
1041,12.887689,47.304394,SCGLU9
1042,27.154772,26.64489,SCGLU9
1043,32.098328,19.088346,SCGLU9
1044,29.187187,20.558832,SCGLU9
1045,25.663305,20.833002,SCGLU9
1046,33.7866,21.083344,SCGLU9
1047,28.832277,29.148859,SCGLU9
1048,33.64589,21.740767,SCGLU9
1049,32.100193,19.99658,SCGLU9
1050,22.44533,23.221401,SCGLU9
1051,38.490322,19.55057,SCGLU9
1052,29.216578,16.25105,SCGLU9
1053,26.086958,22.004877,SCGLU9
1054,31.64123,21.387043,SCGLU9
1055,24.45839,21.022432,SCGLU9
1056,38.391834,23.992746,SCGLU9
1057,25.83204,28.5186,SCGLU9
1058,38.86125,23.136217,SCGLU9
1059,26.1013,23.292303,SCGLU9
1060,23.792866,27.241377,SCGLU9
1061,25.137884,19.508097,SCGLU9
1062,29.778315,30.264662,SCGLU9
1063,26.245983,25.741142,SCGLU9
1064,33.836376,22.346565,SCGLU9
1065,23.988129,22.067589,SCGLU9
1066,24.350952,28.89725,SCGLU9
1067,32.962257,28.199383,SCGLU9
1068,29.930777,29.890562,SCGLU9
1069,36.032017,20.242863,SCGLU9
1070,-11.337752,22.008978,SCGLU9
1071,27.842981,24.606218,SCGLU9
1072,23.448582,22.435198,SCGLU9
1073,28.684624,28.268915,SCGLU9
1074,37.674026,24.950996,SCGLU9
1075,25.758608,30.587957,SCGLU9
1076,37.84943,23.177353,SCGLU9
1077,33.428402,23.629698,SCGLU9
1078,26.550817,21.965227,SCGLU9
1079,36.131813,22.283579,SCGLU9
1080,27.695766,27.877546,SCGLU9
1081,28.487396,22.533836,SCGLU9
1082,31.707228,23.833763,SCGLU9
1083,24.706274,29.744427,SCGLU9
1084,23.258802,25.94003,SCGLU9
1085,36.585815,22.221863,SCGLU9
1086,29.14302,15.940354,SCGLU9
1087,26.446365,21.492018,SCGLU9
1088,29.065407,24.81131,SCGLU9
1089,39.7826,21.772533,SCGLU9
1090,24.154093,25.869473,SCGLU9
1091,26.372082,26.569479,SCGLU9
1092,25.003714,23.828362,SCGLU9
1093,34.861916,20.371214,SCGLU9
1094,37.253036,20.189772,SCGLU9
1095,26.554394,32.23362,SCGLU9
1096,27.032852,24.279888,SCGLU9
1097,26.74377,27.81694,SCGLU9
1098,39.03551,24.145037,SCGLU9
1099,29.180342,22.686134,SCGLU9
1100,38.21403,21.01985,SCGLU9
1101,34.809906,24.615149,SCGLU9
1102,38.498623,22.30161,SCGLU9
1103,26.60472,29.104809,SCGLU9
1104,28.130621,26.122625,SCGLU9
1105,34.524654,21.891064,SCGLU9
1106,30.58704,25.330019,SCGLU9
1107,28.204992,29.640205,SCGLU9
1108,26.494154,25.657223,SCGLU9
1109,33.582752,26.371492,SCGLU9
1110,31.20656,29.208345,SCGLU9
1111,23.64512,30.97522,SCGLU9
1112,22.07569,27.094084,SCGLU9
1113,30.579903,21.684118,SCGLU9
1114,35.25659,22.357288,SCGLU9
1115,30.88973,22.176676,SCGLU9
1116,31.195969,21.724081,SCGLU9
1117,29.32264,25.988531,SCGLU9
1118,29.60483,24.04546,SCGLU9
1119,36.851616,19.044218,SCGLU9
1120,25.74228,30.916815,SCGLU9
1121,19.66363,10.875951,SCGLU8
1122,22.539478,17.513731,SCGLU8
1123,20.476114,7.1089497,SCGLU8
1124,23.894913,11.913882,SCGLU8
1125,20.172848,10.364104,SCGLU8
1126,19.914959,9.710095,SCGLU8
1127,-31.908176,16.203592,SCGLU8
1128,20.335234,7.075949,SCGLU8
1129,22.62223,9.204119,SCGLU8
1130,21.419823,11.580285,SCGLU8
1131,-13.781015,1.0182277,SCGLU8
1132,20.032942,26.719606,SCGLU8
1133,23.316545,9.443534,SCGLU8
1134,9.91149,6.943552,SCGLU8
1135,20.905655,6.869925,SCGLU8
1136,22.326479,16.006653,SCGLU7
1137,21.835117,16.382376,SCGLU7
1138,41.047188,21.378916,SCGLU7
1139,20.90702,7.5092177,SCGLU7
1140,22.289917,14.902848,SCGLU7
1141,21.382929,12.433882,SCGLU7
1142,20.306795,8.154853,SCGLU7
1143,10.101223,48.640476,SCGLU7
1144,21.935457,15.778701,SCGLU7
1145,21.26279,8.081976,SCGLU7
1146,11.979882,47.71801,SCGLU7
1147,20.935217,15.8836565,SCGLU7
1148,22.141888,13.859924,SCGLU7
1149,22.0978,16.367657,SCGLU7
1150,22.729933,13.016735,SCGLU7
1151,10.943696,48.217434,SCGLU7
1152,21.073229,11.162151,SCGLU7
1153,22.023775,12.590325,SCGLU7
1154,6.403005,49.050884,SCGLU7
1155,20.88798,10.000788,SCGLU7
1156,21.899977,14.969444,SCGLU7
1157,22.615913,12.917864,SCGLU7
1158,9.990171,47.89189,SCGLU7
1159,21.002764,7.6135383,SCGLU7
1160,21.386093,14.18441,SCGLU7
1161,23.487528,15.375796,SCGLU7
1162,23.14983,14.325575,SCGLU7
1163,21.04637,14.565611,SCGLU7
1164,22.604288,12.300399,SCGLU7
1165,23.542896,14.129934,SCGLU7
1166,-52.811005,-10.429427,SCINH8
1167,-52.512627,-15.418645,SCINH8
1168,-55.24273,-14.02951,SCINH8
1169,-49.241543,-14.811655,SCINH8
1170,-54.334328,-12.347713,SCINH8
1171,-47.60034,-23.379784,SCINH8
1172,-47.596573,-17.9016,SCINH8
1173,-54.568966,-15.82439,SCINH8
1174,-50.286938,-17.267664,SCINH8
1175,-46.369427,-18.657433,SCINH8
1176,-56.42627,-15.309727,SCINH8
1177,-53.91354,-14.0573635,SCINH8
1178,-56.191967,-11.603193,SCINH8
1179,-56.86421,-13.392633,SCINH8
1180,-57.81219,-10.571727,SCINH8
1181,2.5933714,54.601143,SCINH8
1182,-47.042336,-20.678188,SCINH8
1183,-44.768673,-22.322922,SCINH8
1184,-58.411617,-12.822102,SCINH8
1185,-48.717777,-7.2988234,SCINH8
1186,1.1308866,53.219723,SCINH8
1187,-54.643196,-12.430052,SCINH8
1188,-55.343117,-12.794588,SCINH8
1189,-52.498497,-17.195026,SCINH8
1190,-47.66948,-20.481651,SCINH8
1191,-50.652843,-14.57253,SCINH8
1192,-42.255135,-16.580502,SCINH8
1193,-53.39102,-17.408133,SCINH8
1194,-46.53413,-18.679205,SCINH8
1195,3.5098844,54.17061,SCINH8
1196,-56.535675,-12.064504,SCINH8
1197,-54.14751,-15.252014,SCINH8
1198,-45.091927,-20.213608,SCINH8
1199,-48.4751,-16.569216,SCINH8
1200,-57.689724,-6.51271,SCINH8
1201,-54.557262,-10.908161,SCINH8
1202,-46.72914,-15.231199,SCINH8
1203,-45.668385,-18.201283,SCINH8
1204,-47.32071,-16.016197,SCINH8
1205,-57.726147,-9.940608,SCINH8
1206,-47.32762,-23.103214,SCINH8
1207,-49.342934,-13.305365,SCINH8
1208,-52.641403,-16.573126,SCINH8
1209,-58.14115,-6.391674,SCINH8
1210,-48.405704,-21.803684,SCINH8
1211,-56.79432,-13.79071,SCINH8
1212,-45.777767,-20.628729,SCINH8
1213,-48.59047,-20.920248,SCINH8
1214,-45.69696,-22.020454,SCINH8
1215,-50.158295,-16.88239,SCINH8
1216,-54.7423,-12.0703945,SCINH8
1217,-54.180042,-14.534518,SCINH8
1218,-57.803627,-10.817178,SCINH8
1219,-55.790512,-9.387728,SCINH8
1220,-53.72282,-11.3864355,SCINH8
1221,2.636205,54.558613,SCINH8
1222,-49.97779,-11.556922,SCINH8
1223,-50.232952,-17.995451,SCINH8
1224,1.2618097,53.096794,SCINH8
1225,-49.353428,-15.630003,SCINH8
1226,-55.504505,-13.664675,SCINH8
1227,-55.33933,-12.653414,SCINH8
1228,-43.375717,-19.889553,SCINH8
1229,-47.865273,-21.383434,SCINH8
1230,-48.353706,-21.032585,SCINH8
1231,-54.701904,-9.732803,SCINH8
1232,-56.230736,-9.3757,SCINH8
1233,-54.39745,-13.6966505,SCINH8
1234,-53.324524,-13.022449,SCINH8
1235,-52.22194,-14.806066,SCINH8
1236,-49.379635,-19.930159,SCINH8
1237,-52.780983,-14.237757,SCINH8
1238,-48.462208,-18.625242,SCINH8
1239,-43.228947,-19.88061,SCINH8
1240,-47.8107,-18.640963,SCINH8
1241,-41.550186,-14.408043,SCINH8
1242,-55.85779,-14.516783,SCINH8
1243,-47.085983,-22.323872,SCINH8
1244,-43.55613,-19.005207,SCINH8
1245,-54.195683,-17.044653,SCINH8
1246,-45.83883,-15.729823,SCINH8
1247,-52.82989,-11.658943,SCINH8
1248,1.6515464,52.571037,SCINH8
1249,-46.909374,-20.714407,SCINH8
1250,-55.06156,-11.499635,SCINH8
1251,-48.148266,-22.143997,SCINH8
1252,-49.98521,-13.435338,SCINH8
1253,-52.376213,-8.871856,SCINH9
1254,-54.494553,-7.86399,SCINH9
1255,-32.684467,-1.2266324,SCINH9
1256,5.7524877,47.02408,SCINH9
1257,-52.59949,-13.205588,SCINH9
1258,-48.331013,-16.899143,SCINH9
1259,-52.8727,-5.2120943,SCINH9
1260,-42.491173,-22.604609,SCINH9
1261,-49.419586,-3.665517,SCINH9
1262,-47.441902,-15.541513,SCINH9
1263,-48.131256,-10.719138,SCINH9
1264,-48.64709,-4.3120594,SCINH9
1265,-42.57383,-13.709855,SCINH9
1266,-48.171806,-5.247277,SCINH9
1267,-47.920864,-7.1747074,SCINH9
1268,-42.626198,-12.448776,SCINH9
1269,-42.390762,-14.891819,SCINH9
1270,7.973016,51.6129,SCINH9
1271,-44.356205,-11.359566,SCINH9
1272,2.4034023,52.506683,SCINH9
1273,-54.30602,-3.7457132,SCINH9
1274,3.8246791,53.854378,SCINH9
1275,-48.45921,-15.500689,SCINH9
1276,-44.276524,-16.173883,SCINH9
1277,-49.797436,-2.0430133,SCINH9
1278,-42.562977,-22.593348,SCINH9
1279,-41.451023,-16.58761,SCINH9
1280,-40.54251,-15.244929,SCINH9
1281,-39.152046,0.25677678,SCINH9
1282,-42.544273,-13.552508,SCINH9
1283,-41.18445,-15.256126,SCINH9
1284,-43.309498,-14.617787,SCINH9
1285,-50.431194,-4.362108,SCINH9
1286,-43.654892,-11.877328,SCINH9
1287,3.2985747,52.79906,SCINH9
1288,1.7753063,53.811726,SCINH9
1289,-54.87144,-6.0245996,SCINH9
1290,-50.86454,-7.215985,SCINH9
1291,-41.9893,-16.126507,SCINH9
1292,1.7524055,-14.554189,SCINH9
1293,-45.489323,-20.029287,SCINH9
1294,-39.086456,-2.8582158,SCINH9
1295,-55.059227,-14.740153,SCINH9
1296,-50.60594,-7.1904993,SCINH9
1297,-43.70189,-19.238344,SCINH9
1298,-42.777115,-19.618631,SCINH9
1299,-52.305283,-7.3561783,SCINH9
1300,-52.199017,-8.241899,SCINH9
1301,8.342333,47.28169,SCINH9
1302,-52.00022,-3.4832294,SCINH9
1303,-54.22349,-3.9468637,SCINH9
1304,-47.656796,-22.260801,SCINH9
1305,-33.099705,-6.496983,SCINH9
1306,-52.831543,-10.470667,SCINH9
1307,-48.07678,-5.373186,SCINH9
1308,-45.435493,-7.7735677,SCINH9
1309,-43.726753,-12.056374,SCINH9
1310,-46.03145,-16.666283,SCINH9
1311,2.6032467,51.232327,SCINH9
1312,-43.75932,-13.438552,SCINH9
1313,-51.082775,-12.236899,SCINH9
1314,2.5448442,53.126156,SCINH9
1315,-56.891987,-12.453494,SCINH9
1316,3.730019,52.72153,SCINH9
1317,2.5540922,-14.48718,SCINH9
1318,-47.106125,-14.430709,SCINH9
1319,4.844079,51.359257,SCINH9
1320,8.133825,50.965706,SCINH9
1321,-54.68773,-7.49391,SCINH9
1322,-45.060062,-8.6314,SCINH9
1323,3.2561328,52.57911,SCINH9
1324,1.3369318,45.641323,SCINH9
1325,-50.943733,-12.734479,SCINH9
1326,-54.89525,-6.151002,SCINH9
1327,-49.824406,-4.5391793,SCINH9
1328,8.151303,48.463936,SCINH9
1329,-56.205288,-10.052567,SCINH9
1330,-44.551643,-22.419865,SCINH9
1331,-49.76144,-10.93191,SCINH9
1332,-51.01576,-2.8041034,SCINH9
1333,-42.636738,-0.19989543,SCINH9
1334,2.1871626,51.124264,SCINH9
1335,-56.878437,-4.8883667,SCINH9
1336,-39.65069,3.3457723,SCINH9
1337,-30.060236,15.914799,SCINH10
1338,-42.29643,-2.468501,SCINH10
1339,-46.88343,-3.1202722,SCINH10
1340,-47.536694,-0.46651933,SCINH10
1341,-45.899265,-1.4110842,SCINH10
1342,-48.70633,2.3170233,SCINH10
1343,-45.794704,-7.338047,SCINH10
1344,-31.703053,16.130222,SCINH10
1345,-44.078903,-10.436979,SCINH10
1346,-43.545567,0.6191673,SCINH10
1347,-46.939175,-1.4554818,SCINH10
1348,6.4310503,47.743458,SCINH10
1349,-49.8451,-5.074455,SCINH10
1350,-50.62912,-0.40300834,SCINH10
1351,-41.869328,3.7306232,SCINH10
1352,-53.720577,-3.4056,SCINH10
1353,-42.45718,-10.157555,SCINH10
1354,-47.015923,2.2380807,SCINH10
1355,-44.30951,2.632308,SCINH10
1356,-48.611546,-3.2849138,SCINH10
1357,-46.498913,-3.6952746,SCINH10
1358,-38.1452,5.2589054,SCINH10
1359,-48.3162,-2.511413,SCINH10
1360,-16.075989,-8.300746,SCINH10
1361,-25.367214,-19.0274,SCINH10
1362,-47.340397,-0.5906943,SCINH10
1363,-47.042088,1.3705277,SCINH10
1364,-49.155308,0.20741443,SCINH10
1365,-47.36032,0.85053396,SCINH10
1366,-42.341423,3.5394704,SCINH10
1367,-47.01935,0.20762376,SCINH10
1368,-49.774952,0.072971016,SCINH10
1369,-51.403774,-5.3346424,SCINH10
1370,-48.788662,0.72628057,SCINH10
1371,3.7030013,54.09744,SCINH10
1372,-29.476034,-3.4229279,SCINH10
1373,-51.225155,-5.4573145,SCINH10
1374,-8.344563,-13.765818,SCINH10
1375,5.5350523,46.833897,SCINH10
1376,-42.341187,-0.4327671,SCINH10
1377,-45.64073,-6.4446197,SCINH10
1378,-44.82465,-0.31058747,SCINH10
1379,-42.05063,-3.2554994,SCINH10
1380,-43.855408,1.0840383,SCINH10
1381,-46.842323,2.022872,SCINH10
1382,-53.244507,-1.4713062,SCINH10
1383,-47.31797,-2.1722133,SCINH10
1384,-46.344414,2.960468,SCINH10
1385,-46.88548,1.7118886,SCINH10
1386,-50.583565,0.5471391,SCINH10
1387,-39.608826,3.3160155,SCINH10
1388,-35.60097,4.644891,SCINH10
1389,-52.193447,-3.0278463,SCINH10
1390,-30.994526,-20.50165,SCINH10
1391,-46.58885,-1.5292393,SCINH10
1392,-44.20719,1.5204571,SCINH10
1393,-50.8188,1.3181514,SCINH10
1394,-44.4596,-5.008138,SCINH10
1395,-30.56915,16.199533,SCINH10
1396,-43.996853,-10.63488,SCINH10
1397,-45.8252,1.2695187,SCINH10
1398,-45.261597,0.8302804,SCINH10
1399,-45.317135,2.3276844,SCINH10
1400,-52.046303,-3.1837533,SCINH10
1401,-46.605377,-0.2540528,SCINH10
1402,-24.06858,5.282069,HBINH9
1403,-6.93553,0.6246559,HBINH9
1404,-27.097,-12.685025,HBINH9
1405,-26.191706,27.681376,HBINH9
1406,-2.4490774,20.27628,HBINH9
1407,-32.146835,35.85913,HBINH9
1408,-14.597699,11.948019,HBINH9
1409,-28.134062,27.555344,HBINH9
1410,-29.404882,33.696003,HBINH9
1411,-22.242199,1.5809482,HBINH9
1412,-27.245272,30.496363,HBINH9
1413,-35.2714,30.494991,HBINH9
1414,-32.865078,33.750603,HBINH9
1415,-34.914963,31.787922,HBINH9
1416,-29.86706,35.068897,HBINH9
1417,-5.4858537,-1.4579198,HBINH9
1418,-27.271458,28.170671,HBINH9
1419,-33.048367,33.269775,HBINH9
1420,-32.51142,32.479923,HBINH9
1421,-30.30945,34.706287,HBINH9
1422,-30.00509,32.987568,HBINH9
1423,-26.891394,34.26441,HBINH9
1424,-29.211773,31.187641,HBINH9
1425,-26.315973,29.40772,HBINH9
1426,-31.636347,35.347176,HBINH9
1427,-33.727898,30.238888,HBINH9
1428,-16.153175,11.153223,HBINH9
1429,-27.881422,33.349384,HBINH9
1430,-27.628805,31.625755,HBINH9
1431,-26.4918,27.915747,HBINH9
1432,-9.2001,10.371713,HBINH9
1433,-31.541441,32.94263,HBINH9
1434,-28.992386,34.34596,HBINH9
1435,-26.857542,26.376755,HBINH9
1436,-24.672361,37.648426,HBINH9
1437,-8.345948,8.842033,HBINH9
1438,-27.38538,26.518782,HBINH9
1439,-26.310764,35.9141,HBINH9
1440,-28.803345,34.928185,HBINH9
1441,-25.589571,25.843119,HBINH9
1442,-30.332441,37.24544,HBINH9
1443,-33.632248,34.78459,HBINH9
1444,-13.686915,10.423394,HBINH9
1445,-32.48773,35.820835,HBINH9
1446,-30.7657,34.426373,HBINH9
1447,-34.89975,31.695951,HBINH9
1448,-34.225163,32.700138,HBINH9
1449,-32.14707,32.90547,HBINH9
1450,-8.849877,10.072976,HBINH9
1451,-24.570408,27.856083,HBINH9
1452,-33.692535,34.340443,HBINH9
1453,-30.239462,36.70858,HBINH9
1454,-32.534515,36.350178,HBINH9
1455,-33.432697,32.568798,HBINH9
1456,-27.782684,35.214172,HBINH9
1457,-28.423983,32.531315,HBINH9
1458,-31.805143,33.6416,HBINH9
1459,-29.062374,38.099102,HBINH9
1460,-27.083113,30.243328,HBINH9
1461,-31.916489,37.117443,HBINH9
1462,-25.849546,28.604504,HBINH9
1463,-25.607838,27.080557,HBINH9
1464,-30.56016,31.890606,HBINH9
1465,-31.650988,36.282867,HBINH9
1466,-25.448202,26.541838,HBINH9
1467,-31.28336,31.67418,HBINH9
1468,-11.683947,2.2557127,HBINH9
1469,-25.391485,29.334858,HBINH9
1470,-32.983845,30.60526,HBINH9
1471,-6.5580945,21.564669,HBINH9
1472,-27.769802,28.584581,HBINH9
1473,-31.85348,30.0588,HBINH9
1474,-29.503193,28.435478,HBINH9
1475,-4.6576,2.8951283,HBINH9
1476,-28.082848,33.517746,HBINH9
1477,-34.14921,31.504383,HBINH9
1478,-27.313257,30.35655,HBINH9
1479,-33.908432,34.09467,HBINH9
1480,-24.948624,30.91518,HBINH9
1481,-29.669086,36.311054,HBINH9
1482,-25.91532,28.662567,HBINH9
1483,-22.951113,26.768906,HBINH9
1484,-29.400785,28.384228,HBINH9
1485,-30.07262,28.21249,HBINH9
1486,-31.03228,30.842602,HBINH9
1487,-50.732513,-8.303251,HBINH9
1488,-35.32431,32.019905,HBINH9
1489,-48.95674,-1.1253276,HBINH9
1490,-25.770117,25.548504,HBINH9
1491,-25.234116,27.278479,HBINH9
1492,-25.15647,26.233974,HBINH9
1493,-24.920458,26.60157,HBINH9
1494,-25.343647,28.007755,HBINH9
1495,-29.024788,35.714188,HBINH9
1496,-29.822578,35.599815,HBINH9
1497,-32.226707,31.548227,HBINH9
1498,-29.252539,34.322117,HBINH9
1499,-26.065784,29.347132,HBINH9
1500,-7.280715,8.082333,SCINH2
1501,-6.248715,2.020646,SCINH2
1502,-7.4758396,2.873386,SCINH2
1503,-2.2758849,-0.5584539,SCINH2
1504,-11.378646,6.7870817,SCINH2
1505,-17.487371,-0.16760516,SCINH2
1506,-5.7607775,6.9912667,SCINH2
1507,-10.359262,-1.644662,SCINH2
1508,-4.623284,3.885414,SCINH2
1509,-14.0599985,1.7691941,SCINH2
1510,-16.406261,-2.6020746,SCINH2
1511,-18.552778,4.525659,SCINH2
1512,0.14161877,44.86486,SCINH2
1513,-7.3262057,5.997704,SCINH2
1514,-5.3609943,-1.470244,SCINH2
1515,-19.146084,0.1228225,SCINH2
1516,-3.791623,3.6060853,SCINH2
1517,-17.391346,3.725592,SCINH2
1518,-13.769746,5.498393,SCINH2
1519,-5.5578556,1.0599585,SCINH2
1520,0.9761,37.752674,SCINH2
1521,-0.27121508,-6.4775124,SCINH2
1522,-30.425577,16.66524,SCINH2
1523,0.33502173,36.07886,SCINH2
1524,0.65540427,35.6044,SCINH2
1525,-7.398605,6.203691,SCINH2
1526,-16.606558,2.0121677,SCINH2
1527,-0.2956413,44.085484,SCINH2
1528,-2.0757427,3.5866776,SCINH2
1529,-10.401471,6.323167,SCINH2
1530,-2.5429928,4.754942,SCINH2
1531,-1.3590419,-4.5078855,SCINH2
1532,-9.459328,6.750972,SCINH2
1533,-13.113156,4.286645,SCINH2
1534,-31.93468,4.998255,SCINH2
1535,-21.13742,-7.282853,SCINH2
1536,-19.436409,5.4301205,SCINH2
1537,0.95773286,37.489,SCINH2
1538,-12.399595,5.341199,SCINH2
1539,-13.983756,3.9579957,SCINH2
1540,2.5120072,39.628117,SCINH2
1541,5.038799,39.02515,SCINH2
1542,-9.11139,5.819524,SCINH2
1543,-14.960819,4.8438807,SCINH2
1544,-0.8557376,45.972054,SCINH2
1545,1.9159837,43.49475,SCINH2
1546,-13.552579,7.312734,SCINH2
1547,-3.2801743,-2.0262055,SCINH2
1548,-17.2134,2.874147,SCINH2
1549,-8.580118,6.4723754,SCINH2
1550,-11.82899,6.431387,SCINH2
1551,4.251623,-21.413301,SCINH2
1552,-12.876625,-1.2047256,SCINH2
1553,-1.5772576,-4.67276,SCINH2
1554,-2.4207556,19.137777,SCINH2
1555,-8.537888,0.27188522,SCINH2
1556,-4.8221426,4.150734,SCINH2
1557,-12.564295,2.8420794,SCINH2
1558,-7.3274007,-0.49489057,SCINH2
1559,-18.118402,0.26428995,SCINH2
1560,-15.485456,0.5850967,SCINH2
1561,-3.3483934,3.355022,SCINH2
1562,-3.0365222,1.8502959,SCINH2
1563,-14.874757,1.2691933,SCINH2
1564,-1.7259269,2.8700576,SCINH2
1565,1.6955614,37.15016,SCINH2
1566,-13.377608,4.6910934,SCINH2
1567,-4.3569493,4.9856467,SCINH2
1568,-8.632243,5.9338107,SCINH2
1569,-2.2467585,-0.07698658,SCINH2
1570,-16.123281,0.54002243,SCINH2
1571,-6.6789684,8.352075,SCINH2
1572,3.3085787,14.862082,SCINH2
1573,-3.371568,1.1167065,SCINH2
1574,-14.831334,2.9669893,SCINH2
1575,-6.2436156,5.0766125,SCINH2
1576,-1.7218841,1.3273121,SCINH2
1577,-14.636677,-6.1251245,SCINH2
1578,-15.223558,4.5462437,SCINH2
1579,-15.869966,-3.9606323,SCINH2
1580,1.0056407,36.062397,SCINH2
1581,-23.60389,3.266981,SCINH2
1582,-17.501783,1.2215947,SCINH2
1583,1.7573277,43.557472,SCINH2
1584,2.774965,35.85535,SCINH2
1585,-15.780302,-0.3847475,SCINH2
1586,-8.170584,5.430642,SCINH2
1587,-5.063652,18.876556,SCINH2
1588,-0.21592973,44.24956,SCINH2
1589,1.4064455,36.400276,SCINH2
1590,-3.5291653,1.0367577,SCINH2
1591,-5.45154,3.6929433,SCINH2
1592,-20.061977,-7.103106,SCINH2
1593,-4.584798,4.7096562,SCINH2
1594,-12.574357,8.423478,SCINH2
1595,1.7901679,-2.159448,SCINH2
1596,-4.0831404,-4.5640926,SCINH2
1597,-18.971027,0.69053525,SCINH2
1598,-18.403608,2.3851879,SCINH2
1599,-4.4550676,1.9370649,SCINH2
1600,-4.314626,-0.634376,SCINH2
1601,-19.995996,-6.9473515,SCINH2
1602,-13.64357,-7.17735,SCINH2
1603,-5.463596,7.680286,SCINH2
1604,-12.490613,2.3384922,SCINH2
1605,-13.686309,1.1460665,SCINH2
1606,-3.0780017,1.0413207,SCINH2
1607,-2.9590857,3.2437377,SCINH2
1608,-16.576488,0.26226056,SCINH2
1609,-4.765648,-3.1837673,SCINH2
1610,-16.886063,4.294782,SCINH2
1611,-3.9587483,19.122011,SCINH2
1612,2.3026316,36.5292,SCINH2
1613,-7.1951437,20.114584,SCINH2
1614,-18.363562,4.3122253,SCINH2
1615,-6.3645816,3.5012705,SCINH2
1616,-16.811543,2.0402257,SCINH2
1617,-23.332333,4.274243,SCINH4
1618,-23.526842,-3.6109407,SCINH4
1619,-29.273046,6.2499223,SCINH4
1620,-29.38856,6.187235,SCINH4
1621,-15.3566265,-16.104315,SCINH4
1622,-25.687008,-14.643915,SCINH4
1623,-14.426651,-6.4481745,SCINH4
1624,-25.611986,2.7755141,SCINH4
1625,-23.914139,-2.2210047,SCINH4
1626,-24.552734,-1.3539888,SCINH4
1627,-25.24978,1.4506116,SCINH4
1628,-25.606163,-14.515326,SCINH4
1629,-27.657427,4.774809,SCINH4
1630,-27.721083,4.5764594,SCINH4
1631,6.0182486,49.050594,SCINH4
1632,-26.873472,6.365896,SCINH4
1633,-24.43028,4.103644,SCINH4
1634,-27.448853,4.574105,SCINH4
1635,-25.517372,3.0732796,SCINH4
1636,-27.812696,5.7901845,SCINH4
1637,-25.630825,-0.25394726,SCINH4
1638,-25.424168,0.7348742,SCINH4
1639,5.8148623,49.57861,SCINH4
1640,-26.99643,5.1914053,SCINH4
1641,-23.491259,1.732105,SCINH4
1642,-26.356937,5.1928806,SCINH4
1643,-23.53936,2.25064,SCINH4
1644,-27.312923,5.914612,SCINH4
1645,-22.487535,-2.530761,SCINH4
1646,-25.068409,2.2786767,SCINH4
1647,-25.597322,-19.338074,SCINH4
1648,-24.606234,-1.131631,SCINH4
1649,-27.210497,5.8396163,SCINH4
1650,-24.583956,3.7048643,SCINH4
1651,-25.634169,3.4703794,SCINH4
1652,-21.447433,-1.8985612,SCINH4
1653,-21.718763,-1.4236588,SCINH4
1654,-9.800709,-2.0823605,SCINH3
1655,-13.483686,-15.362132,SCINH3
1656,-14.18711,-7.782451,SCINH3
1657,-15.321434,-16.447767,SCINH3
1658,-25.69881,-19.721146,SCINH3
1659,-18.660095,-15.754854,SCINH3
1660,-9.085095,-1.6371862,SCINH3
1661,-25.212637,-20.335207,SCINH3
1662,-15.763308,-13.787982,SCINH3
1663,-7.2202554,-4.9933,SCINH3
1664,2.4746485,37.86152,SCINH3
1665,-13.126441,-14.8831415,SCINH3
1666,-8.145862,-5.944763,SCINH3
1667,-15.817895,-17.479465,SCINH3
1668,-33.23776,4.661648,SCINH3
1669,-24.913387,-11.784615,SCINH3
1670,-11.419923,-3.9737287,SCINH3
1671,-5.6828384,-4.583446,SCINH3
1672,-7.9452085,-4.6524754,SCINH3
1673,4.2901506,44.59569,SCINH3
1674,-2.8324902,20.324965,SCINH3
1675,-14.214279,-15.149894,SCINH3
1676,-8.038475,22.329527,SCINH3
1677,-15.697359,-7.396946,SCINH3
1678,-9.95253,-6.226108,SCINH3
1679,-21.435526,-11.141745,SCINH3
1680,4.932873,41.563515,SCINH3
1681,-29.787243,-3.9765053,SCINH3
1682,-13.026283,-8.016157,SCINH3
1683,-26.410437,-19.246544,SCINH3
1684,3.917909,43.042614,SCINH3
1685,2.5666668,-14.11349,SCINH3
1686,-10.392925,-5.3019733,SCINH3
1687,-8.262145,-4.287789,SCINH3
1688,-9.970073,-2.0115943,SCINH3
1689,-15.750846,-14.080054,SCINH3
1690,-13.923064,-14.632611,SCINH3
1691,-15.962514,-14.812234,SCINH3
1692,-26.771383,-17.117887,SCINH3
1693,-7.9277897,-0.9287155,SCINH3
1694,-8.031004,-1.9313124,SCINH3
1695,-26.218576,-16.812525,SCINH3
1696,-15.823787,-2.7628567,SCINH3
1697,6.5119257,46.056305,SCINH3
1698,-16.014112,-14.081918,SCINH3
1699,-25.480247,-19.995481,SCINH3
1700,-9.541999,-5.538928,SCINH3
1701,-30.425789,-4.655535,SCINH3
1702,-9.141225,-1.4702493,SCINH3
1703,-7.797268,20.801523,SCINH3
1704,-17.102257,9.433247,SCINH3
1705,-10.600234,-7.0081453,SCINH3
1706,-9.57808,21.298079,SCINH3
1707,-8.246021,22.297266,SCINH3
1708,-11.428668,-6.2651906,SCINH3
1709,-14.944517,-11.194726,SCINH3
1710,-26.059494,-16.370714,SCINH3
1711,4.7272043,44.398083,SCINH3
1712,-10.954898,-8.265575,SCINH3
1713,-13.254242,-6.4147906,SCINH3
1714,7.2550654,46.471443,SCINH3
1715,-10.087081,-7.142946,SCINH3
1716,-10.917553,-6.209403,SCINH3
1717,-9.110472,-5.547284,SCINH3
1718,0.97172076,48.353542,SCINH3
1719,-14.976935,-15.857726,SCINH3
1720,-37.16638,-11.827662,SCINH7
1721,-32.019066,15.697808,SCINH7
1722,-19.810678,9.228979,SCINH7
1723,-38.19283,-8.059862,SCINH7
1724,4.5881896,47.48327,SCINH7
1725,-34.400414,-8.651231,SCINH7
1726,-38.12358,-9.055384,SCINH7
1727,-32.510406,-19.038803,SCINH7
1728,-28.451668,4.2969184,SCINH7
1729,-28.604204,6.165832,SCINH7
1730,4.0427876,51.02632,SCINH7
1731,4.723143,46.771973,SCINH7
1732,-36.790684,0.30115685,SCINH7
1733,-27.612715,-13.593711,SCINH7
1734,-27.286148,-15.984795,SCINH7
1735,-37.7128,1.6616535,SCINH7
1736,-17.794556,-4.0783215,SCINH7
1737,3.3652549,47.407383,SCINH7
1738,5.1208487,50.33923,SCINH7
1739,-35.21405,-12.966738,SCINH7
1740,-33.62742,-13.822178,SCINH7
1741,-37.20965,-8.134602,SCINH7
1742,-38.59209,-1.8394525,SCINH7
1743,-36.35006,2.9694695,SCINH7
1744,1.836456,48.2474,SCINH7
1745,-37.22252,-2.3994088,SCINH7
1746,-34.61256,-13.462326,SCINH7
1747,-38.12243,-1.7918605,SCINH7
1748,3.1349974,45.62358,SCINH7
1749,3.20708,48.16325,SCINH7
1750,-35.854782,-12.217993,SCINH7
1751,2.0685785,46.94858,SCINH7
1752,-34.42711,-6.208421,SCINH7
1753,-12.630181,-14.971946,SCINH7
1754,-38.335575,-1.7186556,SCINH7
1755,-24.527168,-13.354787,SCINH7
1756,-31.443136,-17.682867,SCINH7
1757,-16.549246,-10.180585,SCINH7
1758,2.6686585,48.215282,SCINH7
1759,-35.96096,0.5794051,SCINH7
1760,-36.208508,-10.711576,SCINH7
1761,-36.730026,-7.862805,SCINH7
1762,2.6012914,49.345016,SCINH7
1763,-31.07097,-17.700726,SCINH7
1764,-35.373425,-8.830073,SCINH7
1765,-30.305485,-14.927411,SCINH7
1766,-36.53746,3.5141766,SCINH7
1767,-38.159374,0.30747122,SCINH7
1768,2.9542372,46.27571,SCINH7
1769,3.355812,46.41207,SCINH7
1770,-36.715115,-8.456086,SCINH7
1771,-37.059208,0.7467951,SCINH7
1772,-30.107473,-16.641884,SCINH7
1773,-18.284048,7.0633807,SCINH7
1774,-35.957897,-7.220109,SCINH7
1775,-32.969505,-7.949272,SCINH7
1776,-36.57791,1.215248,SCINH7
1777,-34.810417,-14.7274275,SCINH7
1778,-17.353907,7.642562,SCINH7
1779,-15.411532,-10.342987,SCINH7
1780,-32.461365,4.718254,SCINH7
1781,-35.944603,-4.2395797,SCINH7
1782,4.135166,46.243183,SCINH7
1783,-0.3103631,47.82138,SCINH7
1784,-37.56185,-3.7330823,SCINH7
1785,-33.947193,-11.341738,SCINH7
1786,2.7030768,51.646816,SCINH7
1787,1.6255165,47.939476,SCINH7
1788,2.8265073,47.731304,SCINH7
1789,-36.41046,2.245279,SCINH7
1790,-35.496357,-9.367881,SCINH7
1791,-32.009075,-16.374025,SCINH6
1792,-33.51752,-10.362327,SCINH6
1793,-28.473795,-13.495336,SCINH6
1794,-29.55448,-12.258205,SCINH6
1795,-30.328516,-12.636845,SCINH6
1796,-34.15804,-6.476585,SCINH6
1797,-29.503698,15.07492,SCINH6
1798,-36.523968,-9.529612,SCINH6
1799,-34.860264,-7.408069,SCINH6
1800,-29.718367,-16.036499,SCINH6
1801,-28.72703,-16.080753,SCINH6
1802,-31.278498,-11.785953,SCINH6
1803,-31.084139,-8.3780575,SCINH6
1804,-35.675945,-2.1652937,SCINH6
1805,-29.243732,-14.571897,SCINH6
1806,-31.532421,-13.6309,SCINH6
1807,-29.672457,-14.292946,SCINH6
1808,-30.204857,-15.890989,SCINH6
1809,-35.496693,-3.0217106,SCINH6
1810,-33.93704,-12.560116,SCINH6
1811,-31.294785,-10.109186,SCINH6
1812,-35.4263,-1.3989974,SCINH6
1813,-36.351067,-8.675779,SCINH6
1814,-34.316673,-1.1191499,SCINH6
1815,-30.985945,-12.860268,SCINH6
1816,-29.768177,-13.344555,SCINH6
1817,-29.527884,-17.179691,SCINH6
1818,-35.57894,3.0677435,SCINH6
1819,-28.390932,-14.556836,SCINH6
1820,-30.431782,-17.436626,SCINH6
1821,-33.365894,-13.372089,SCINH6
1822,-34.58515,-1.8829716,SCINH6
1823,-31.28752,-14.589196,SCINH6
1824,-35.23695,1.1996088,SCINH6
1825,-36.07815,-0.6075449,SCINH6
1826,-31.558235,-15.96341,SCINH6
1827,-34.458393,-10.057851,SCINH6
1828,-30.968534,-13.651536,SCINH6
1829,-35.329586,-0.16095507,SCINH6
1830,-34.296856,-3.3740945,SCINH6
1831,-30.623285,-16.687056,SCINH6
1832,-30.572329,-11.446979,SCINH6
1833,-34.294086,-11.934134,SCINH6
1834,-35.66132,0.29270664,SCINH6
1835,-28.159763,-16.52206,SCINH6
1836,-33.181976,-9.937021,SCINH6
1837,-32.3035,-14.66058,SCINH6
1838,-35.01863,-11.429266,SCINH6
1839,-28.849356,-16.826984,SCINH6
1840,-36.85444,1.5705656,SCINH6
1841,-33.90297,2.2384133,SCINH6
1842,-32.101746,-11.975019,SCINH6
1843,-35.763035,-0.88444185,SCINH6
1844,-32.657738,-15.622771,SCINH6
1845,-34.09894,-13.989922,SCINH6
1846,-28.822844,-15.133538,SCINH6
1847,-35.106728,-2.912035,SCINH6
1848,-29.126621,-13.415521,SCINH6
1849,-34.654644,1.9847121,SCINH6
1850,-35.425846,-9.550712,SCINH6
1851,-36.568287,2.0726817,SCINH6
1852,-32.94608,-12.728085,SCINH6
1853,-32.752365,1.0944204,SCINH6
1854,-30.322882,-12.337547,SCINH6
1855,-29.469503,-16.641542,SCINH6
1856,-35.756886,1.5507188,SCINH6
1857,-35.569614,2.532651,SCINH6
1858,-36.54224,-0.9840826,SCINH6
1859,-33.464375,1.7041101,SCINH6
1860,-5.927761,21.08756,SCINH6
1861,3.7157567,46.51067,SCINH6
1862,-32.262886,-11.16282,SCINH6
1863,-37.10771,-0.719632,SCINH6
1864,-34.83054,-0.40317208,SCINH6
1865,-35.035427,3.3987288,SCINH6
1866,-34.162136,-2.3022137,SCINH6
1867,-33.61887,1.2263464,SCINH6
1868,2.6265414,47.449764,SCINH6
1869,-33.62325,0.42837352,SCINH6
1870,-28.81374,-13.132842,SCINH6
1871,-28.335754,-15.347023,SCINH6
1872,-34.93611,-3.644166,SCINH6
1873,-29.387915,-15.699112,SCINH6
1874,-35.109985,2.1859643,SCINH6
1875,-36.42809,-6.534153,SCINH6
1876,-32.88004,-14.091309,SCINH6
1877,-34.73145,0.75502664,SCINH6
1878,-20.050228,-4.4668217,SCINH5
1879,-15.387011,6.333936,SCINH5
1880,-16.6635,6.2778482,SCINH5
1881,-21.364428,-4.8133154,SCINH5
1882,-15.266645,6.487895,SCINH5
1883,-30.020184,15.428055,SCINH5
1884,-14.91077,9.209962,SCINH5
1885,-14.149482,9.234685,SCINH5
1886,-14.210135,8.480659,SCINH5
1887,-21.67122,-7.23276,SCINH5
1888,-14.869257,8.933139,SCINH5
1889,-16.468054,8.080815,SCINH5
1890,-16.711023,7.259474,SCINH5
1891,-20.15055,-3.3248022,SCINH5
1892,-22.225136,-6.486365,SCINH5
1893,-14.477734,9.726576,SCINH5
1894,-22.742031,-6.6937523,SCINH5
1895,-19.268827,-2.552928,SCINH5
1896,-5.8050895,20.931475,SCINH5
1897,-19.701527,-4.0667024,SCINH5
1898,-4.341939,21.611202,SCINH5
1899,-18.818016,-2.112937,SCINH5
1900,-19.73651,-3.5278382,SCINH5
1901,-19.507912,-2.1943474,SCINH5
1902,-14.844737,7.6224003,SCINH5
1903,-14.444195,7.7527475,SCINH5
1904,-14.776867,10.25515,SCINH5
1905,-15.550058,9.24089,SCINH5
1906,-17.784138,6.600797,SCINH5
1907,-18.374586,-2.1289892,SCINH5
1908,-16.973457,6.109247,SCINH5
1909,-19.648335,-1.6720754,SCINH5
1910,-15.376759,5.769874,SCINH5
1911,-20.677261,-5.125018,SCINH5
1912,-21.707258,-5.63621,SCINH5
1913,-23.05648,-5.2517214,SCINH5
1914,-16.51867,6.3844113,SCINH5
1915,-14.775096,8.509234,SCINH5
1916,-29.553188,15.255902,SCINH5
1917,1.3384739,46.97276,SCINH5
1918,-21.690628,-6.148339,SCINH5
1919,-15.207889,8.626893,SCINH5
1920,-22.3033,-7.1129174,SCINH5
1921,-16.703152,5.49994,SCINH5
